paper_id|title|link|keywords|abstract
event-17858|Certified Robustness Against Natural Language Attacks by Causal Intervention|https://icml.cc/virtual/2022/spotlight/17858||
event-17114|Multi-Task Learning as a Bargaining Game|https://icml.cc/virtual/2022/spotlight/17114||
event-16224|Exploring and Exploiting Hubness Priors for High-Quality GAN Latent Sampling|https://icml.cc/virtual/2022/spotlight/16224||
event-15974|Differentially Private Approximate Quantiles|https://icml.cc/virtual/2022/spotlight/15974||
event-15960|Structural Entropy Guided Graph Hierarchical Pooling|https://icml.cc/virtual/2022/spotlight/15960||
event-17646|Dynamic Regret of Online Markov Decision Processes|https://icml.cc/virtual/2022/spotlight/17646||
event-17598|A3 T: Alignment-Aware Acoustic and Text Pretraining for Speech Synthesis and Editing|https://icml.cc/virtual/2022/spotlight/17598||
event-17014|On the Impossibility of Learning to Cooperate with Adaptive Partner Strategies in Repeated Games|https://icml.cc/virtual/2022/spotlight/17014||
event-17386|Frustratingly Easy Transferability Estimation|https://icml.cc/virtual/2022/spotlight/17386||
event-15996|Self-Supervised Representation Learning via Latent Graph Prediction|https://icml.cc/virtual/2022/spotlight/15996||
event-16920|ButterflyFlow: Building Invertible Layers with Butterfly Matrices|https://icml.cc/virtual/2022/spotlight/16920||
event-15988|Fairness Interventions as (Dis)Incentives for Strategic Manipulation|https://icml.cc/virtual/2022/spotlight/15988||
event-16008|DSTAGNN: Dynamic Spatial-Temporal Aware Graph Neural Network for Traffic Flow Forecasting|https://icml.cc/virtual/2022/spotlight/16008||
event-17614|On the Learning of Non-Autoregressive Transformers|https://icml.cc/virtual/2022/spotlight/17614||
event-17076|Distributional Hamilton-Jacobi-Bellman Equations for Continuous-Time Reinforcement Learning|https://icml.cc/virtual/2022/spotlight/17076||
event-16288|Controlling Conditional Language Models without Catastrophic Forgetting|https://icml.cc/virtual/2022/spotlight/16288||
event-16004|Robust Models Are More Interpretable Because Attributions Look Normal|https://icml.cc/virtual/2022/spotlight/16004||
event-17524|Transformer Neural Processes: Uncertainty-Aware Meta Learning Via Sequence Modeling|https://icml.cc/virtual/2022/spotlight/17524||
event-17202|Provable Reinforcement Learning with a Short-Term Memory|https://icml.cc/virtual/2022/spotlight/17202||
event-16272|Sequential Covariate Shift Detection Using Classifier Two-Sample Tests|https://icml.cc/virtual/2022/spotlight/16272||
event-17526|A Difference Standardization Method for Mutual Transfer Learning|https://icml.cc/virtual/2022/spotlight/17526||
event-16042|Coarsening the Granularity: Towards Structurally Sparse Lottery Tickets|https://icml.cc/virtual/2022/spotlight/16042||
event-16340|GLIDE: Towards Photorealistic Image Generation and Editing with Text-Guided Diffusion Models|https://icml.cc/virtual/2022/spotlight/16340||
event-17722|Latent Diffusion Energy-Based Model for Interpretable Text Modelling|https://icml.cc/virtual/2022/spotlight/17722||
event-16550|Fast Convex Optimization for Two-Layer ReLU Networks: Equivalent Model Classes and Cone Decompositions|https://icml.cc/virtual/2022/spotlight/16550||
event-16120|Omni-Granular Ego-Semantic Propagation for Self-Supervised Graph Representation Learning|https://icml.cc/virtual/2022/spotlight/16120||
event-17424|Smoothed Adversarial Linear Contextual Bandits with Knapsacks|https://icml.cc/virtual/2022/spotlight/17424||
event-16104|A Joint Exponential Mechanism For Differentially Private Top- k|https://icml.cc/virtual/2022/spotlight/16104||
event-17316|Optimistic Linear Support and Successor Features as a Basis for Optimal Policy Transfer|https://icml.cc/virtual/2022/spotlight/17316||
event-16380|Structure-preserving GANs|https://icml.cc/virtual/2022/spotlight/16380||
event-16350|ShiftAddNAS: Hardware-Inspired Search for More Accurate and Efficient Neural Networks|https://icml.cc/virtual/2022/spotlight/16350||
event-17778|UNIREX: A Unified Learning Framework for Language Model Rationale Extraction|https://icml.cc/virtual/2022/spotlight/17778||
event-17576|Improving Task-free Continual Learning by Distributionally Robust Memory Evolution|https://icml.cc/virtual/2022/spotlight/17576||
event-16514|Why the Rich Get Richer? On the Balancedness of Random Partition Models|https://icml.cc/virtual/2022/spotlight/16514||
event-17784|Black-Box Tuning for Language-Model-as-a-Service|https://icml.cc/virtual/2022/spotlight/17784||
event-16176|Transfer Learning In Differential Privacy's Hybrid-Model|https://icml.cc/virtual/2022/spotlight/16176||
event-16564|NysADMM: faster composite convex optimization via low-rank approximation|https://icml.cc/virtual/2022/spotlight/16564||
event-17628|A Multi-objective / Multi-task Learning Framework Induced by Pareto Stationarity|https://icml.cc/virtual/2022/spotlight/17628||
event-17442|Mirror Learning: A Unifying Framework of Policy Optimisation|https://icml.cc/virtual/2022/spotlight/17442||
event-17906|Simultaneously Learning Stochastic and Adversarial Bandits with General Graph Feedback|https://icml.cc/virtual/2022/spotlight/17906||
event-16672|DeepSpeed-MoE: Advancing Mixture-of-Experts Inference and Training to Power Next-Generation AI Scale|https://icml.cc/virtual/2022/spotlight/16672||
event-17674|A Completely Tuning-Free and Robust Approach to Sparse Precision Matrix Estimation|https://icml.cc/virtual/2022/spotlight/17674||
event-16138|Analyzing and Mitigating Interference in Neural Architecture Search|https://icml.cc/virtual/2022/spotlight/16138||
event-17804|Provably Adversarially Robust Nearest Prototype Classifiers|https://icml.cc/virtual/2022/spotlight/17804||
event-18052|Markov Chain Monte Carlo for Continuous-Time Switching Dynamical Systems|https://icml.cc/virtual/2022/spotlight/18052||
event-16752|Estimating the Optimal Covariance with Imperfect Mean in Diffusion Probabilistic Models|https://icml.cc/virtual/2022/spotlight/16752||
event-17556|Thompson Sampling for (Combinatorial) Pure Exploration|https://icml.cc/virtual/2022/spotlight/17556||
event-17666|Certifying Out-of-Domain Generalization for Blackbox Functions|https://icml.cc/virtual/2022/spotlight/17666||
event-17748|Sparse Invariant Risk Minimization|https://icml.cc/virtual/2022/spotlight/17748||
event-16854|FedNew: A Communication-Efficient and Privacy-Preserving Newton-Type Method for Federated Learning|https://icml.cc/virtual/2022/spotlight/16854||
event-16676|Reverse Engineering ℓ p attacks: A block-sparse optimization approach with recovery guarantees|https://icml.cc/virtual/2022/spotlight/16676||
event-16260|Robust Kernel Density Estimation with Median-of-Means principle|https://icml.cc/virtual/2022/spotlight/16260||
event-17746|Intriguing Properties of Input-Dependent Randomized Smoothing|https://icml.cc/virtual/2022/spotlight/17746||
event-17560|Revisiting Online Submodular Minimization: Gap-Dependent Regret Bounds, Best of Both Worlds and Adversarial Robustness|https://icml.cc/virtual/2022/spotlight/17560||
event-17172|Unraveling Attention via Convex Duality: Analysis and Interpretations of Vision Transformers|https://icml.cc/virtual/2022/spotlight/17172||
event-18124|Calibrated Learning to Defer with One-vs-All Classifiers|https://icml.cc/virtual/2022/spotlight/18124||
event-17206|Pairwise Conditional Gradients without Swap Steps and Sparser Kernel Herding|https://icml.cc/virtual/2022/spotlight/17206||
event-17824|Rotting Infinitely Many-Armed Bandits|https://icml.cc/virtual/2022/spotlight/17824||
event-17882|Co-training Improves Prompt-based Learning for Large Language Models|https://icml.cc/virtual/2022/spotlight/17882||
event-17668|Learning Infinite-horizon Average-reward Markov Decision Process with Constraints|https://icml.cc/virtual/2022/spotlight/17668||
event-16276|Plug & Play Attacks: Towards Robust and Flexible Model Inversion Attacks|https://icml.cc/virtual/2022/spotlight/16276||
event-17958|Directed Acyclic Transformer for Non-Autoregressive Machine Translation|https://icml.cc/virtual/2022/spotlight/17958||
event-16702|DRAGONN: Distributed Randomized Approximate Gradients of Neural Networks|https://icml.cc/virtual/2022/spotlight/16702||
event-16996|Forward Operator Estimation in Generative Models with Kernel Transfer Operators|https://icml.cc/virtual/2022/spotlight/16996||
event-17770|A Closer Look at Smoothness in Domain Adversarial Training|https://icml.cc/virtual/2022/spotlight/17770||
event-18114|A State-Distribution Matching Approach to Non-Episodic Reinforcement Learning|https://icml.cc/virtual/2022/spotlight/18114||
event-17994|StreamingQA: A Benchmark for Adaptation to New Knowledge over Time in Question Answering Models|https://icml.cc/virtual/2022/spotlight/17994||
event-16768|A deep convolutional neural network that is invariant to time rescaling|https://icml.cc/virtual/2022/spotlight/16768||
event-18042|Evaluating the Adversarial Robustness of Adaptive Test-time Defenses|https://icml.cc/virtual/2022/spotlight/18042||
event-18146|Langevin Monte Carlo for Contextual Bandits|https://icml.cc/virtual/2022/spotlight/18146||
event-16944|DNA: Domain Generalization with Diversified Neural Averaging|https://icml.cc/virtual/2022/spotlight/16944||
event-17780|Balancing Discriminability and Transferability for Source-Free Domain Adaptation|https://icml.cc/virtual/2022/spotlight/17780||
event-17140|Conditional GANs with Auxiliary Discriminative Classifier|https://icml.cc/virtual/2022/spotlight/17140||
event-16324|FriendlyCore: Practical Differentially Private Aggregation|https://icml.cc/virtual/2022/spotlight/16324||
event-17198|Unified Fourier-based Kernel and Nonlinearity Design for Equivariant Networks on Homogeneous Spaces|https://icml.cc/virtual/2022/spotlight/17198||
event-17162|Improved StyleGAN-v2 based Inversion for Out-of-Distribution Images|https://icml.cc/virtual/2022/spotlight/17162||
event-17060|LyaNet: A Lyapunov Framework for Training Neural ODEs|https://icml.cc/virtual/2022/spotlight/17060||
event-18078|On the Generalization Analysis of Adversarial Learning|https://icml.cc/virtual/2022/spotlight/18078||
event-18154|Prompting Decision Transformer for Few-Shot Policy Generalization|https://icml.cc/virtual/2022/spotlight/18154||
event-18024|Unsupervised Detection of Contextualized Embedding Bias with Application to Ideology|https://icml.cc/virtual/2022/spotlight/18024||
event-16526|ViT-NeT: Interpretable Vision Transformers with Neural Tree Decoder|https://icml.cc/virtual/2022/spotlight/16526||
event-17868|Model Agnostic Sample Reweighting for Out-of-Distribution Learning|https://icml.cc/virtual/2022/spotlight/17868||
event-17864|Equivalence Analysis between Counterfactual Regret Minimization and Online Mirror Descent|https://icml.cc/virtual/2022/spotlight/17864||
event-17506|Only tails matter: Average-Case Universality and Robustness in the Convex Regime|https://icml.cc/virtual/2022/spotlight/17506||
event-18132|Generative Cooperative Networks for Natural Language Generation|https://icml.cc/virtual/2022/spotlight/18132||
event-17370|Transfer and Marginalize: Explaining Away Label Noise with Privileged Information|https://icml.cc/virtual/2022/spotlight/17370||
event-17200|DynaMixer: A Vision MLP Architecture with Dynamic Mixing|https://icml.cc/virtual/2022/spotlight/17200||
event-18338|Contrastive UCB: Provably Efficient Contrastive Self-Supervised Learning in Online Reinforcement Learning|https://icml.cc/virtual/2022/spotlight/18338||
event-16788|Fishing for User Data in Large-Batch Federated Learning via Gradient Magnification|https://icml.cc/virtual/2022/spotlight/16788||
event-17940|Batch Greenkhorn Algorithm for Entropic-Regularized Multimarginal Optimal Transport: Linear Rate of Convergence and Iteration Complexity|https://icml.cc/virtual/2022/spotlight/17940||
event-18008|Zero-shot AutoML with Pretrained Models|https://icml.cc/virtual/2022/spotlight/18008||
event-17244|Matching Normalizing Flows and Probability Paths on Manifolds|https://icml.cc/virtual/2022/spotlight/17244||
event-18178|Demystifying the Adversarial Robustness of Random Transformation Defenses|https://icml.cc/virtual/2022/spotlight/18178||
event-17294|Consistent Polyhedral Surrogates for Top-k Classification and Variants|https://icml.cc/virtual/2022/spotlight/17294||
event-18348|Channel Importance Matters in Few-Shot Image Classification|https://icml.cc/virtual/2022/spotlight/18348||
event-18142|What Language Model Architecture and Pretraining Objective Works Best for Zero-Shot Generalization?|https://icml.cc/virtual/2022/spotlight/18142||
event-18372|Human-in-the-loop: Provably Efficient Preference-based Reinforcement Learning with General Function Approximation|https://icml.cc/virtual/2022/spotlight/18372||
event-17266|Marginal Distribution Adaptation for Discrete Sets via Module-Oriented Divergence Minimization|https://icml.cc/virtual/2022/spotlight/17266||
event-17938|Approximate Frank-Wolfe Algorithms over Graph-structured Support Sets|https://icml.cc/virtual/2022/spotlight/17938||
event-17608|Stochastic Contextual Dueling Bandits under Linear Stochastic Transitivity Models|https://icml.cc/virtual/2022/spotlight/17608||
event-18048|Efficient Variance Reduction for Meta-learning|https://icml.cc/virtual/2022/spotlight/18048||
event-16902|Public Data-Assisted Mirror Descent for Private Model Training|https://icml.cc/virtual/2022/spotlight/16902||
event-18330|Double Sampling Randomized Smoothing|https://icml.cc/virtual/2022/spotlight/18330||
event-17412|On Collective Robustness of Bagging Against Data Poisoning|https://icml.cc/virtual/2022/spotlight/17412||
event-18014|Neural Fisher Discriminant Analysis: Optimal Neural Network Embeddings in Polynomial Time|https://icml.cc/virtual/2022/spotlight/18014||
event-18022|Learning to Incorporate Texture Saliency Adaptive Attention to Image Cartoonization|https://icml.cc/virtual/2022/spotlight/18022||
event-18226|Branchformer: Parallel MLP-Attention Architectures to Capture Local and Global Context for Speech Recognition and Understanding|https://icml.cc/virtual/2022/spotlight/18226||
event-17214|Fishr: Invariant Gradient Variances for Out-of-Distribution Generalization|https://icml.cc/virtual/2022/spotlight/17214||
event-17676|Optimal and Efficient Dynamic Regret Algorithms for Non-Stationary Dueling Bandits|https://icml.cc/virtual/2022/spotlight/17676||
event-18366|TPC: Transformation-Specific Smoothing for Point Cloud Models|https://icml.cc/virtual/2022/spotlight/18366||
event-18020|Hindering Adversarial Attacks with Implicit Neural Representations|https://icml.cc/virtual/2022/spotlight/18020||
event-18056|Generalizing to Evolving Domains with Latent Structure-Aware Sequential Autoencoder|https://icml.cc/virtual/2022/spotlight/18056||
event-17802|Low-Complexity Deep Convolutional Neural Networks on Fully Homomorphic Encryption Using Multiplexed Parallel Convolutions|https://icml.cc/virtual/2022/spotlight/17802||
event-18332|Active Sampling for Min-Max Fairness|https://icml.cc/virtual/2022/spotlight/18332||
event-17752|Online Nonsubmodular Minimization with Delayed Costs: From Full Information to Bandit Feedback|https://icml.cc/virtual/2022/spotlight/17752||
event-18350|From Noisy Prediction to True Label: Noisy Prediction Calibration via Generative Model|https://icml.cc/virtual/2022/spotlight/18350||
event-18248|Robin Hood and Matthew Effects: Differential Privacy Has Disparate Impact on Synthetic Data|https://icml.cc/virtual/2022/spotlight/18248||
event-18034|Region-Based Semantic Factorization in GANs|https://icml.cc/virtual/2022/spotlight/18034||
event-16472|ROCK: Causal Inference Principles for Reasoning about Commonsense Causality|https://icml.cc/virtual/2022/spotlight/16472||
event-18106|Partial disentanglement for domain adaptation|https://icml.cc/virtual/2022/spotlight/18106||
event-16028|An iterative clustering algorithm for the Contextual Stochastic Block Model with optimality guarantees|https://icml.cc/virtual/2022/spotlight/16028||
event-16274|Additive Gaussian Processes Revisited|https://icml.cc/virtual/2022/spotlight/16274||
event-17146|pathGCN: Learning General Graph Spatial Operators from Paths|https://icml.cc/virtual/2022/spotlight/17146||
event-17256|Robust Group Synchronization via Quadratic Programming|https://icml.cc/virtual/2022/spotlight/17256||
event-16722|Meaningfully debugging model mistakes using conceptual counterfactual explanations|https://icml.cc/virtual/2022/spotlight/16722||
event-17488|Online Continual Learning through Mutual Information Maximization|https://icml.cc/virtual/2022/spotlight/17488||
event-17508|Learning Iterative Reasoning through Energy Minimization|https://icml.cc/virtual/2022/spotlight/17508||
event-17242|Graph-Coupled Oscillator Networks|https://icml.cc/virtual/2022/spotlight/17242||
event-17464|UAST: Uncertainty-Aware Siamese Tracking|https://icml.cc/virtual/2022/spotlight/17464||
event-16816|Measuring the Effect of Training Data on Deep Learning Predictions via Randomized Experiments|https://icml.cc/virtual/2022/spotlight/16816||
event-16336|Probabilistic ODE Solutions in Millions of Dimensions|https://icml.cc/virtual/2022/spotlight/16336||
event-16062|Smoothed Adaptive Weighting for Imbalanced Semi-Supervised Learning: Improve Reliability Against Unknown Distribution Data|https://icml.cc/virtual/2022/spotlight/16062||
event-17550|DepthShrinker: A New Compression Paradigm Towards Boosting Real-Hardware Efficiency of Compact Neural Networks|https://icml.cc/virtual/2022/spotlight/17550||
event-16964|Robust Counterfactual Explanations for Tree-Based Ensembles|https://icml.cc/virtual/2022/spotlight/16964||
event-16070|Class-Imbalanced Semi-Supervised Learning with Adaptive Thresholding|https://icml.cc/virtual/2022/spotlight/16070||
event-17624|You Only Cut Once: Boosting Data Augmentation with a Single Cut|https://icml.cc/virtual/2022/spotlight/17624||
event-17218|Adaptive Gaussian Process Change Point Detection|https://icml.cc/virtual/2022/spotlight/17218||
event-17408|HousE: Knowledge Graph Embedding with Householder Parameterization|https://icml.cc/virtual/2022/spotlight/17408||
event-17430|Interpretable and Generalizable Graph Learning via Stochastic Attention Mechanism|https://icml.cc/virtual/2022/spotlight/17430||
event-16874|Volatility Based Kernels and Moving Average Means for Accurate Forecasting with Gaussian Processes|https://icml.cc/virtual/2022/spotlight/16874||
event-17262|A Rigorous Study of Integrated Gradients Method and Extensions to Internal Neuron Attributions|https://icml.cc/virtual/2022/spotlight/17262||
event-17652|Generative Modeling for Multi-task Visual Learning|https://icml.cc/virtual/2022/spotlight/17652||
event-17728|PoF: Post-Training of Feature Extractor for Improving Generalization|https://icml.cc/virtual/2022/spotlight/17728||
event-17366|Estimating and Penalizing Induced Preference Shifts in Recommender Systems|https://icml.cc/virtual/2022/spotlight/17366||
event-16002|Massively Parallel k -Means Clustering for Perturbation Resilient Instances|https://icml.cc/virtual/2022/spotlight/16002||
event-15992|Learning to Hash Robustly, Guaranteed|https://icml.cc/virtual/2022/spotlight/15992||
event-16118|Stochastic Reweighted Gradient Descent|https://icml.cc/virtual/2022/spotlight/16118||
event-18152|Meta-Learning Hypothesis Spaces for Sequential Decision-making|https://icml.cc/virtual/2022/spotlight/18152||
event-17838|Improving Ensemble Distillation With Weight Averaging and Diversifying Perturbation|https://icml.cc/virtual/2022/spotlight/17838||
event-17812|AnyMorph: Learning Transferable Polices By Inferring Agent Morphology|https://icml.cc/virtual/2022/spotlight/17812||
event-17688|HyperTransformer: Model Generation for Supervised and Semi-Supervised Few-Shot Learning|https://icml.cc/virtual/2022/spotlight/17688||
event-17578|ProGCL: Rethinking Hard Negative Mining in Graph Contrastive Learning|https://icml.cc/virtual/2022/spotlight/17578||
event-17164|Fenrir: Physics-Enhanced Regression for Initial Value Problems|https://icml.cc/virtual/2022/spotlight/17164||
event-17856|Parametric Visual Program Induction with Function Modularization|https://icml.cc/virtual/2022/spotlight/17856||
event-17620|Variational nearest neighbor Gaussian process|https://icml.cc/virtual/2022/spotlight/17620||
event-17996|DreamerPro: Reconstruction-Free Model-Based Reinforcement Learning with Prototypical Representations|https://icml.cc/virtual/2022/spotlight/17996||
event-17630|G 2 CN: Graph Gaussian Convolution Networks with Concentrated Graph Filters|https://icml.cc/virtual/2022/spotlight/17630||
event-17964|A Tighter Analysis of Spectral Clustering, and Beyond|https://icml.cc/virtual/2022/spotlight/17964||
event-16102|Residual-Based Sampling for Online Outlier-Robust PCA|https://icml.cc/virtual/2022/spotlight/16102||
event-16724|Sharpened Quasi-Newton Methods: Faster Superlinear Rate and Larger Local Convergence Neighborhood|https://icml.cc/virtual/2022/spotlight/16724||
event-17894|Set Based Stochastic Subsampling|https://icml.cc/virtual/2022/spotlight/17894||
event-16374|Policy Gradient Method For Robust Reinforcement Learning|https://icml.cc/virtual/2022/spotlight/16374||
event-17446|Framework for Evaluating Faithfulness of Local Explanations|https://icml.cc/virtual/2022/spotlight/17446||
event-18002|Stabilizing Off-Policy Deep Reinforcement Learning from Pixels|https://icml.cc/virtual/2022/spotlight/18002||
event-16452|A query-optimal algorithm for finding counterfactuals|https://icml.cc/virtual/2022/spotlight/16452||
event-17682|SpeqNets: Sparsity-aware permutation-equivariant graph networks|https://icml.cc/virtual/2022/spotlight/17682||
event-16834|Image-to-Image Regression with Distribution-Free Uncertainty Quantification and Applications in Imaging|https://icml.cc/virtual/2022/spotlight/16834||
event-17562|A Consistent and Efficient Evaluation Strategy for Attribution Methods|https://icml.cc/virtual/2022/spotlight/17562||
event-16538|Scaling Gaussian Process Optimization by Evaluating a Few Unique Candidates Multiple Times|https://icml.cc/virtual/2022/spotlight/16538||
event-16460|Linear Bandit Algorithms with Sublinear Time Complexity|https://icml.cc/virtual/2022/spotlight/16460||
event-17084|FedNL: Making Newton-Type Methods Applicable to Federated Learning|https://icml.cc/virtual/2022/spotlight/17084||
event-18116|Influence-Augmented Local Simulators: a Scalable Solution for Fast Deep RL in Large Networked Systems|https://icml.cc/virtual/2022/spotlight/18116||
event-16502|Streaming Algorithms for Support-Aware Histograms|https://icml.cc/virtual/2022/spotlight/16502||
event-16654|Quantum-Inspired Algorithms from Randomized Numerical Linear Algebra|https://icml.cc/virtual/2022/spotlight/16654||
event-16520|Power-Law Escape Rate of SGD|https://icml.cc/virtual/2022/spotlight/16520||
event-18046|CtrlFormer: Learning Transferable State Representation for Visual Control via Transformer|https://icml.cc/virtual/2022/spotlight/18046||
event-18050|Generalizing to New Physical Systems via Context-Informed Dynamics Model|https://icml.cc/virtual/2022/spotlight/18050||
event-17888|Variational Feature Pyramid Networks|https://icml.cc/virtual/2022/spotlight/17888||
event-17742|Spectral Representation of Robustness Measures for Optimization Under Input Uncertainty|https://icml.cc/virtual/2022/spotlight/17742||
event-16872|On Finite-Sample Identifiability of Contrastive Learning-Based Nonlinear Independent Component Analysis|https://icml.cc/virtual/2022/spotlight/16872||
event-17912|Deep Neural Network Fusion via Graph Matching with Applications to Model Ensemble and Federated Learning|https://icml.cc/virtual/2022/spotlight/17912||
event-17716|Label-Descriptive Patterns and Their Application to Characterizing Classification Errors|https://icml.cc/virtual/2022/spotlight/17716||
event-17000|Revisiting Contrastive Learning through the Lens of Neighborhood Component Analysis: an Integrated Framework|https://icml.cc/virtual/2022/spotlight/17000||
event-18268|Position Prediction as an Effective Pretraining Strategy|https://icml.cc/virtual/2022/spotlight/18268||
event-17790|Bayesian Optimization under Stochastic Delayed Feedback|https://icml.cc/virtual/2022/spotlight/17790||
event-18084|Self-conditioning Pre-Trained Language Models|https://icml.cc/virtual/2022/spotlight/18084||
event-18104|TAM: Topology-Aware Margin Loss for Class-Imbalanced Node Classification|https://icml.cc/virtual/2022/spotlight/18104||
event-17484|Dimension-free Complexity Bounds for High-order Nonconvex Finite-sum Optimization|https://icml.cc/virtual/2022/spotlight/17484||
event-17800|Bayesian Optimization for Distributionally Robust Chance-constrained Problem|https://icml.cc/virtual/2022/spotlight/17800||
event-18302|Orchestra: Unsupervised Federated Learning via Globally Consistent Clustering|https://icml.cc/virtual/2022/spotlight/18302||
event-17872|XAI for Transformers: Better Explanations through Conservative Propagation|https://icml.cc/virtual/2022/spotlight/17872||
event-18166|VLMixer: Unpaired Vision-Language Pre-training via Cross-Modal CutMix|https://icml.cc/virtual/2022/spotlight/18166||
event-17130|Open-Sampling: Exploring Out-of-Distribution data for Re-balancing Long-tailed datasets|https://icml.cc/virtual/2022/spotlight/17130||
event-17880|Efficient Distributionally Robust Bayesian Optimization with Worst-case Sensitivity|https://icml.cc/virtual/2022/spotlight/17880||
event-18168|Neural Implicit Dictionary Learning via Mixture-of-Expert Training|https://icml.cc/virtual/2022/spotlight/18168||
event-17374|Value Function based Difference-of-Convex Algorithm for Bilevel Hyperparameter Selection Problems|https://icml.cc/virtual/2022/spotlight/17374||
event-17276|Confidence Score for Source-Free Unsupervised Domain Adaptation|https://icml.cc/virtual/2022/spotlight/17276||
event-18176|Deep and Flexible Graph Neural Architecture Search|https://icml.cc/virtual/2022/spotlight/18176||
event-18220|Lyapunov Density Models: Constraining Distribution Shift in Learning-Based Control|https://icml.cc/virtual/2022/spotlight/18220||
event-17026|Correlated Quantization for Distributed Mean Estimation and Optimization|https://icml.cc/virtual/2022/spotlight/17026||
event-18266|Bitwidth Heterogeneous Federated Learning with Progressive Weight Dequantization|https://icml.cc/virtual/2022/spotlight/18266||
event-16556|Faster Algorithms for Learning Convex Functions|https://icml.cc/virtual/2022/spotlight/16556||
event-17920|Quantification and Analysis of Layer-wise and Pixel-wise Information Discarding|https://icml.cc/virtual/2022/spotlight/17920||
event-16746|Feature selection using e-values|https://icml.cc/virtual/2022/spotlight/16746||
event-18276|PMIC: Improving Multi-Agent Reinforcement Learning with Progressive Mutual Information Collaboration|https://icml.cc/virtual/2022/spotlight/18276||
event-17892|Probabilistic Bilevel Coreset Selection|https://icml.cc/virtual/2022/spotlight/17892||
event-18122|GNNRank: Learning Global Rankings from Pairwise Comparisons via Directed Graph Neural Networks|https://icml.cc/virtual/2022/spotlight/18122||
event-17664|Gradient Based Clustering|https://icml.cc/virtual/2022/spotlight/17664||
event-18306|Penalizing Gradient Norm for Efficiently Improving Generalization in Deep Learning|https://icml.cc/virtual/2022/spotlight/18306||
event-17690|Interpretable Off-Policy Learning via Hyperbox Search|https://icml.cc/virtual/2022/spotlight/17690||
event-18032|Improved Convergence Rates for Sparse Approximation Methods in Kernel-Based Learning|https://icml.cc/virtual/2022/spotlight/18032||
event-17290|Multiple-Play Stochastic Bandits with Shareable Finite-Capacity Arms|https://icml.cc/virtual/2022/spotlight/17290||
event-18244|Time Is MattEr: Temporal Self-supervision for Video Transformers|https://icml.cc/virtual/2022/spotlight/18244||
event-18414|Scalable First-Order Bayesian Optimization via Structured Automatic Differentiation|https://icml.cc/virtual/2022/spotlight/18414||
event-16966|ActiveHedge: Hedge meets Active Learning|https://icml.cc/virtual/2022/spotlight/16966||
event-17786|Global Optimization of K-Center Clustering|https://icml.cc/virtual/2022/spotlight/17786||
event-18344|Supervised Off-Policy Ranking|https://icml.cc/virtual/2022/spotlight/18344||
event-18354|Linear-Time Gromov Wasserstein Distances using Low Rank Couplings and Costs|https://icml.cc/virtual/2022/spotlight/18354||
event-18126|Large-Scale Graph Neural Architecture Search|https://icml.cc/virtual/2022/spotlight/18126||
event-17976|Neuron Dependency Graphs: A Causal Abstraction of Neural Networks|https://icml.cc/virtual/2022/spotlight/17976||
event-18312|Knowledge Base Question Answering by Case-based Reasoning over Subgraphs|https://icml.cc/virtual/2022/spotlight/18312||
event-16914|Coordinated Attacks against Contextual Bandits: Fundamental Limits and Defense Mechanisms|https://icml.cc/virtual/2022/spotlight/16914||
event-18378|Benchmarking and Analyzing Point Cloud Classification under Corruptions|https://icml.cc/virtual/2022/spotlight/18378||
event-18408|The Primacy Bias in Deep Reinforcement Learning|https://icml.cc/virtual/2022/spotlight/18408||
event-17340|One-Pass Algorithms for MAP Inference of Nonsymmetric Determinantal Point Processes|https://icml.cc/virtual/2022/spotlight/17340||
event-18412|When AUC meets DRO: Optimizing Partial AUC for Deep Learning with Non-Convex Convergence Guarantee|https://icml.cc/virtual/2022/spotlight/18412||
event-18404|Understanding The Robustness in Vision Transformers|https://icml.cc/virtual/2022/spotlight/18404||
event-18368|On Implicit Bias in Overparameterized Bilevel Optimization|https://icml.cc/virtual/2022/spotlight/18368||
event-18148|Optimization-Induced Graph Implicit Nonlinear Diffusion|https://icml.cc/virtual/2022/spotlight/18148||
event-18200|On the Adversarial Robustness of Causal Algorithmic Recourse|https://icml.cc/virtual/2022/spotlight/18200||
event-17902|Latent Outlier Exposure for Anomaly Detection with Contaminated Data|https://icml.cc/virtual/2022/spotlight/17902||
event-17832|The Algebraic Path Problem for Graph Metrics|https://icml.cc/virtual/2022/spotlight/17832||
event-18258|Knowledge-Grounded Self-Rationalization via Extractive and Natural Language Explanations|https://icml.cc/virtual/2022/spotlight/18258||
event-18340|Steerable 3D Spherical Neurons|https://icml.cc/virtual/2022/spotlight/18340||
event-17360|Deciphering Lasso-based Classification Through a Large Dimensional Analysis of the Iterative Soft-Thresholding Algorithm|https://icml.cc/virtual/2022/spotlight/17360||
event-18410|Regularizing a Model-based Policy Stationary Distribution to Stabilize Offline Reinforcement Learning|https://icml.cc/virtual/2022/spotlight/18410||
event-16344|Modeling Irregular Time Series with Continuous Recurrent Units|https://icml.cc/virtual/2022/spotlight/16344||
event-16090|Prototype Based Classification from Hierarchy to Fairness|https://icml.cc/virtual/2022/spotlight/16090||
event-17106|Model-Free Opponent Shaping|https://icml.cc/virtual/2022/spotlight/17106||
event-15958|Bayesian Nonparametric Learning for Point Processes with Spatial Homogeneity: A Spatial Analysis of NBA Shot Locations|https://icml.cc/virtual/2022/spotlight/15958||
event-16850|Coordinated Double Machine Learning|https://icml.cc/virtual/2022/spotlight/16850||
event-16132|Neural Network Weights Do Not Converge to Stationary Points: An Invariant Measure Perspective|https://icml.cc/virtual/2022/spotlight/16132||
event-16594|TACTiS: Transformer-Attentional Copulas for Time Series|https://icml.cc/virtual/2022/spotlight/16594||
event-16088|On the Effects of Artificial Data Modification|https://icml.cc/virtual/2022/spotlight/16088||
event-16862|Exploiting Independent Instruments: Identification and Distribution Generalization|https://icml.cc/virtual/2022/spotlight/16862||
event-16256|Convergence and Recovery Guarantees of the K-Subspaces Method for Subspace Clustering|https://icml.cc/virtual/2022/spotlight/16256||
event-16234|Neural-Symbolic Models for Logical Queries on Knowledge Graphs|https://icml.cc/virtual/2022/spotlight/16234||
event-17344|Pessimism meets VCG: Learning Dynamic Mechanism Design via Offline Reinforcement Learning|https://icml.cc/virtual/2022/spotlight/17344||
event-17434|CerDEQ: Certifiable Deep Equilibrium Model|https://icml.cc/virtual/2022/spotlight/17434||
event-16160|Deep Squared Euclidean Approximation to the Levenshtein Distance for DNA Storage|https://icml.cc/virtual/2022/spotlight/16160||
event-16490|Restarted Nonconvex Accelerated Gradient Descent: No More Polylogarithmic Factor in the O ( ϵ − 7 / 4 ) Complexity|https://icml.cc/virtual/2022/spotlight/16490||
event-16300|Deep Probability Estimation|https://icml.cc/virtual/2022/spotlight/16300||
event-17032|Partial Counterfactual Identification from Observational and Experimental Data|https://icml.cc/virtual/2022/spotlight/17032||
event-17346|Efficient Model-based Multi-agent Reinforcement Learning via Optimistic Equilibrium Computation|https://icml.cc/virtual/2022/spotlight/17346||
event-16578|Uncertainty Modeling in Generative Compressed Sensing|https://icml.cc/virtual/2022/spotlight/16578||
event-16686|Understanding the unstable convergence of gradient descent|https://icml.cc/virtual/2022/spotlight/16686||
event-16950|Approximately Equivariant Networks for Imperfectly Symmetric Dynamics|https://icml.cc/virtual/2022/spotlight/16950||
event-17034|On Measuring Causal Contributions via do-interventions|https://icml.cc/virtual/2022/spotlight/17034||
event-16230|How Faithful is your Synthetic Data? Sample-level Metrics for Evaluating and Auditing Generative Models|https://icml.cc/virtual/2022/spotlight/16230||
event-17456|Disentangling Sources of Risk for Distributional Multi-Agent Reinforcement Learning|https://icml.cc/virtual/2022/spotlight/17456||
event-17458|Scalable Deep Reinforcement Learning Algorithms for Mean Field Games|https://icml.cc/virtual/2022/spotlight/17458||
event-17944|Learning General Halfspaces with Adversarial Label Noise via Online Gradient Descent|https://icml.cc/virtual/2022/spotlight/17944||
event-17436|Federated Minimax Optimization: Improved Convergence Analyses and Algorithms|https://icml.cc/virtual/2022/spotlight/17436||
event-16080|Simple and near-optimal algorithms for hidden stratification and multi-group learning|https://icml.cc/virtual/2022/spotlight/16080||
event-16650|Selective Network Linearization for Efficient Private Inference|https://icml.cc/virtual/2022/spotlight/16650||
event-16352|Robust SDE-Based Variational Formulations for Solving Linear PDEs via Deep Learning|https://icml.cc/virtual/2022/spotlight/16352||
event-17170|The Role of Deconfounding in Meta-learning|https://icml.cc/virtual/2022/spotlight/17170||
event-17260|IDYNO: Learning Nonparametric DAGs from Interventional Dynamic Data|https://icml.cc/virtual/2022/spotlight/17260||
event-16252|Error-driven Input Modulation: Solving the Credit Assignment Problem without a Backward Pass|https://icml.cc/virtual/2022/spotlight/16252||
event-16660|Going Deeper into Permutation-Sensitive Graph Neural Networks|https://icml.cc/virtual/2022/spotlight/16660||
event-16400|How to Train Your Wide Neural Network Without Backprop: An Input-Weight Alignment Perspective|https://icml.cc/virtual/2022/spotlight/16400||
event-17426|CITRIS: Causal Identifiability from Temporal Intervened Sequences|https://icml.cc/virtual/2022/spotlight/17426||
event-17546|Efficient Computation of Higher-Order Subgraph Attribution via Message Passing|https://icml.cc/virtual/2022/spotlight/17546||
event-16774|Learning from Counterfactual Links for Link Prediction|https://icml.cc/virtual/2022/spotlight/16774||
event-16596|Hessian-Free High-Resolution Nesterov Acceleration For Sampling|https://icml.cc/virtual/2022/spotlight/16596||
event-17496|Inductive Matrix Completion: No Bad Local Minima and a Fast Algorithm|https://icml.cc/virtual/2022/spotlight/17496||
event-17518|Revisiting Some Common Practices in Cooperative Multi-Agent Reinforcement Learning|https://icml.cc/virtual/2022/spotlight/17518||
event-17372|GSmooth: Certified Robustness against Semantic Transformations via Generalized Randomized Smoothing|https://icml.cc/virtual/2022/spotlight/17372||
event-18040|The Teaching Dimension of Regularized Kernel Learners|https://icml.cc/virtual/2022/spotlight/18040||
event-16142|Being Properly Improper|https://icml.cc/virtual/2022/spotlight/16142||
event-17632|A Theoretical Analysis on Independence-driven Importance Weighting for Covariate-shift Generalization|https://icml.cc/virtual/2022/spotlight/17632||
event-16690|LSB: Local Self-Balancing MCMC in Discrete Spaces|https://icml.cc/virtual/2022/spotlight/16690||
event-17398|Online Balanced Experimental Design|https://icml.cc/virtual/2022/spotlight/17398||
event-17830|Sparse Mixed Linear Regression with Guarantees: Taming an Intractable Problem with Invex Relaxation|https://icml.cc/virtual/2022/spotlight/17830||
event-16826|Training Discrete Deep Generative Models via Gapped Straight-Through Estimator|https://icml.cc/virtual/2022/spotlight/16826||
event-16072|Neural Network Pruning Denoises the Features and Makes Local Connectivity Emerge in Visual Tasks|https://icml.cc/virtual/2022/spotlight/16072||
event-17046|A Langevin-like Sampler for Discrete Distributions|https://icml.cc/virtual/2022/spotlight/17046||
event-16348|On the Finite-Time Complexity and Practical Computation of Approximate Stationarity Concepts of Lipschitz Functions|https://icml.cc/virtual/2022/spotlight/16348||
event-17972|Modular Conformal Calibration|https://icml.cc/virtual/2022/spotlight/17972||
event-17870|TURF: Two-Factor, Universal, Robust, Fast Distribution Learning Algorithm|https://icml.cc/virtual/2022/spotlight/17870||
event-16388|Nearly Optimal Policy Optimization with Stable at Any Time Guarantee|https://icml.cc/virtual/2022/spotlight/16388||
event-18112|Multiclass learning with margin: exponential rates with no bias-variance trade-off|https://icml.cc/virtual/2022/spotlight/18112||
event-17226|Scalable Spike-and-Slab|https://icml.cc/virtual/2022/spotlight/17226||
event-17736|Self-Organized Polynomial-Time Coordination Graphs|https://icml.cc/virtual/2022/spotlight/17736||
event-17480|Improving Language Models by Retrieving from Trillions of Tokens|https://icml.cc/virtual/2022/spotlight/17480||
event-16586|Describing Differences between Text Distributions with Natural Language|https://icml.cc/virtual/2022/spotlight/16586||
event-17718|AdaGrad Avoids Saddle Points|https://icml.cc/virtual/2022/spotlight/17718||
event-17528|Causal structure-based root cause analysis of outliers|https://icml.cc/virtual/2022/spotlight/17528||
event-17698|Closed-Form Diffeomorphic Transformations for Time Series Alignment|https://icml.cc/virtual/2022/spotlight/17698||
event-16694|Distinguishing rule- and exemplar-based generalization in learning systems|https://icml.cc/virtual/2022/spotlight/16694||
event-16932|Principal Component Flows|https://icml.cc/virtual/2022/spotlight/16932||
event-17854|Fast and Provable Nonconvex Tensor RPCA|https://icml.cc/virtual/2022/spotlight/17854||
event-17844|Individual Reward Assisted Multi-Agent Reinforcement Learning|https://icml.cc/virtual/2022/spotlight/17844||
event-18080|On Convergence of Gradient Descent Ascent: A Tight Local Analysis|https://icml.cc/virtual/2022/spotlight/18080||
event-17024|Bit Prioritization in Variational Autoencoders via Progressive Coding|https://icml.cc/virtual/2022/spotlight/17024||
event-17636|Instrumental Variable Regression with Confounder Balancing|https://icml.cc/virtual/2022/spotlight/17636||
event-16988|Burst-Dependent Plasticity and Dendritic Amplification Support Target-Based Learning and Hierarchical Imitation Learning|https://icml.cc/virtual/2022/spotlight/16988||
event-18018|Context-Aware Drift Detection|https://icml.cc/virtual/2022/spotlight/18018||
event-16542|Removing Batch Normalization Boosts Adversarial Training|https://icml.cc/virtual/2022/spotlight/16542||
event-17846|Generalized Beliefs for Cooperative AI|https://icml.cc/virtual/2022/spotlight/17846||
event-17566|Continual Repeated Annealed Flow Transport Monte Carlo|https://icml.cc/virtual/2022/spotlight/17566||
event-17558|Greedy when Sure and Conservative when Uncertain about the Opponents|https://icml.cc/virtual/2022/spotlight/17558||
event-16674|Accelerating Shapley Explanation via Contributive Cooperator Selection|https://icml.cc/virtual/2022/spotlight/16674||
event-17874|Forget-free Continual Learning with Winning Subnetworks|https://icml.cc/virtual/2022/spotlight/17874||
event-18100|Convergence Rates of Non-Convex Stochastic Gradient Descent Under a Generic Lojasiewicz Condition and Local Smoothness|https://icml.cc/virtual/2022/spotlight/18100||
event-16934|Minimax M-estimation under Adversarial Contamination|https://icml.cc/virtual/2022/spotlight/16934||
event-17694|Causal Transformer for Estimating Counterfactual Outcomes|https://icml.cc/virtual/2022/spotlight/17694||
event-17136|Generative Flow Networks for Discrete Probabilistic Modeling|https://icml.cc/virtual/2022/spotlight/17136||
event-18184|High Probability Guarantees for Nonconvex Stochastic Gradient Descent with Heavy Tails|https://icml.cc/virtual/2022/spotlight/18184||
event-17762|A Deep Learning Approach for the Segmentation of Electroencephalography Data in Eye Tracking Applications|https://icml.cc/virtual/2022/spotlight/17762||
event-17834|Causal Inference Through the Structural Causal Marginal Problem|https://icml.cc/virtual/2022/spotlight/17834||
event-18036|An Initial Alignment between Neural Network and Target is Needed for Gradient Descent to Learn|https://icml.cc/virtual/2022/spotlight/18036||
event-16610|Adaptive Best-of-Both-Worlds Algorithm for Heavy-Tailed Multi-Armed Bandits|https://icml.cc/virtual/2022/spotlight/16610||
event-16208|Algorithms for the Communication of Samples|https://icml.cc/virtual/2022/spotlight/16208||
event-18162|A Single-Loop Gradient Descent and Perturbed Ascent Algorithm for Nonconvex Functional Constrained Optimization|https://icml.cc/virtual/2022/spotlight/18162||
event-18102|Deconfounded Value Decomposition for Multi-Agent Reinforcement Learning|https://icml.cc/virtual/2022/spotlight/18102||
event-17454|An Equivalence Between Data Poisoning and Byzantine Gradient Attacks|https://icml.cc/virtual/2022/spotlight/17454||
event-17284|Diffusion bridges vector quantized variational autoencoders|https://icml.cc/virtual/2022/spotlight/17284||
event-18060|Minimizing Control for Credit Assignment with Strong Feedback|https://icml.cc/virtual/2022/spotlight/18060||
event-17986|FEDformer: Frequency Enhanced Decomposed Transformer for Long-term Series Forecasting|https://icml.cc/virtual/2022/spotlight/17986||
event-18094|Self-Supervised Models of Audio Effectively Explain Human Cortical Responses to Speech|https://icml.cc/virtual/2022/spotlight/18094||
event-17492|Mitigating Modality Collapse in Multimodal VAEs via Impartial Optimization|https://icml.cc/virtual/2022/spotlight/17492||
event-18074|Inductive Biases and Variable Creation in Self-Attention Mechanisms|https://icml.cc/virtual/2022/spotlight/18074||
event-18356|Welfare Maximization in Competitive Equilibrium: Reinforcement Learning for Markov Exchange Economy|https://icml.cc/virtual/2022/spotlight/18356||
event-18422|Anticorrelated Noise Injection for Improved Generalization|https://icml.cc/virtual/2022/spotlight/18422||
event-17584|Efficiently Learning the Topology and Behavior of a Networked Dynamical System Via Active Queries|https://icml.cc/virtual/2022/spotlight/17584||
event-17500|DAVINZ: Data Valuation using Deep Neural Networks at Initialization|https://icml.cc/virtual/2022/spotlight/17500||
event-17910|Functional Generalized Empirical Likelihood Estimation for Conditional Moment Restrictions|https://icml.cc/virtual/2022/spotlight/17910||
event-16204|Adversarial Robustness against Multiple and Single l p -Threat Models via Quick Fine-Tuning of Robust Classifiers|https://icml.cc/virtual/2022/spotlight/16204||
event-17246|Low-Precision Stochastic Gradient Langevin Dynamics|https://icml.cc/virtual/2022/spotlight/17246||
event-17648|Soft Truncation: A Universal Training Technique of Score-based Diffusion Model for High Precision Score Estimation|https://icml.cc/virtual/2022/spotlight/17648||
event-18240|Towards Scaling Difference Target Propagation by Learning Backprop Targets|https://icml.cc/virtual/2022/spotlight/18240||
event-18374|Topology-aware Generalization of Decentralized SGD|https://icml.cc/virtual/2022/spotlight/18374||
event-18214|Fast Relative Entropy Coding with A* coding|https://icml.cc/virtual/2022/spotlight/18214||
event-16366|On the Practicality of Deterministic Epistemic Uncertainty|https://icml.cc/virtual/2022/spotlight/16366||
event-17952|Boosting Graph Structure Learning with Dummy Nodes|https://icml.cc/virtual/2022/spotlight/17952||
event-18416|Simplex Neural Population Learning: Any-Mixture Bayes-Optimality in Symmetric Zero-sum Games|https://icml.cc/virtual/2022/spotlight/18416||
event-17544|Sample Efficient Learning of Predictors that Complement Humans|https://icml.cc/virtual/2022/spotlight/17544||
event-18300|Matching Learned Causal Effects of Neural Networks with Domain Priors|https://icml.cc/virtual/2022/spotlight/18300||
event-18088|Lazy Estimation of Variable Importance for Large Neural Networks|https://icml.cc/virtual/2022/spotlight/18088||
event-18418|Sample and Communication-Efficient Decentralized Actor-Critic Algorithms with Finite-Time Analysis|https://icml.cc/virtual/2022/spotlight/18418||
event-16828|Fast and Reliable Evaluation of Adversarial Robustness with Minimum-Margin Attack|https://icml.cc/virtual/2022/spotlight/16828||
event-18272|Content Addressable Memory Without Catastrophic Forgetting by Heteroassociation with a Fixed Scaffold|https://icml.cc/virtual/2022/spotlight/18272||
event-16524|Combining Diverse Feature Priors|https://icml.cc/virtual/2022/spotlight/16524||
event-18286|Accurate Quantization of Measures via Interacting Particle-based Optimization|https://icml.cc/virtual/2022/spotlight/18286||
event-18396|Understanding Gradient Descent on the Edge of Stability in Deep Learning|https://icml.cc/virtual/2022/spotlight/18396||
event-18424|Inferring Cause and Effect in the Presence of Heteroscedastic Noise|https://icml.cc/virtual/2022/spotlight/18424||
event-16112|Towards understanding how momentum improves generalization in deep learning|https://icml.cc/virtual/2022/spotlight/16112||
event-16682|Modeling Strong and Human-Like Gameplay with KL-Regularized Search|https://icml.cc/virtual/2022/spotlight/16682||
event-15966|Skin Deep Unlearning: Artefact and Instrument Debiasing in the Context of Melanoma Classification|https://icml.cc/virtual/2022/spotlight/15966||
event-16030|Learning Domain Adaptive Object Detection with Probabilistic Teacher|https://icml.cc/virtual/2022/spotlight/16030||
event-16498|Weisfeiler-Lehman Meets Gromov-Wasserstein|https://icml.cc/virtual/2022/spotlight/16498||
event-16182|Interpretable Neural Networks with Frank-Wolfe: Sparse Relevance Maps and Relevance Orderings|https://icml.cc/virtual/2022/spotlight/16182||
event-16942|On Numerical Integration in Neural Ordinary Differential Equations|https://icml.cc/virtual/2022/spotlight/16942||
event-16034|Adaptive Data Analysis with Correlated Observations|https://icml.cc/virtual/2022/spotlight/16034||
event-16184|Label-Free Explainability for Unsupervised Models|https://icml.cc/virtual/2022/spotlight/16184||
event-17510|Showing Your Offline Reinforcement Learning Work: Online Evaluation Budget Matters|https://icml.cc/virtual/2022/spotlight/17510||
event-16140|One-Pass Diversified Sampling with Application to Terabyte-Scale Genomic Sequence Streams|https://icml.cc/virtual/2022/spotlight/16140||
event-17144|Reverse Engineering the Neural Tangent Kernel|https://icml.cc/virtual/2022/spotlight/17144||
event-16522|GenLabel: Mixup Relabeling using Generative Models|https://icml.cc/virtual/2022/spotlight/16522||
event-16392|What Can Linear Interpolation of Neural Network Loss Landscapes Tell Us?|https://icml.cc/virtual/2022/spotlight/16392||
event-16466|Deep equilibrium networks are sensitive to initialization statistics|https://icml.cc/virtual/2022/spotlight/16466||
event-16116|Efficient PAC Learning from the Crowd with Pairwise Comparisons|https://icml.cc/virtual/2022/spotlight/16116||
event-16144|Unsupervised Flow-Aligned Sequence-to-Sequence Learning for Video Restoration|https://icml.cc/virtual/2022/spotlight/16144||
event-16188|Towards Theoretical Analysis of Transformation Complexity of ReLU DNNs|https://icml.cc/virtual/2022/spotlight/16188||
event-17230|Principled Knowledge Extrapolation with GANs|https://icml.cc/virtual/2022/spotlight/17230||
event-16684|When and How Mixup Improves Calibration|https://icml.cc/virtual/2022/spotlight/16684||
event-17644|Phasic Self-Imitative Reduction for Sparse-Reward Goal-Conditioned Reinforcement Learning|https://icml.cc/virtual/2022/spotlight/17644||
event-17730|Model-based Meta Reinforcement Learning using Graph Structured Surrogate Models and Amortized Policy Search|https://icml.cc/virtual/2022/spotlight/17730||
event-16712|On Transportation of Mini-batches: A Hierarchical Approach|https://icml.cc/virtual/2022/spotlight/16712||
event-16448|A Study of Face Obfuscation in ImageNet|https://icml.cc/virtual/2022/spotlight/16448||
event-17388|Informed Learning by Wide Neural Networks: Convergence, Generalization and Sampling Complexity|https://icml.cc/virtual/2022/spotlight/17388||
event-16180|ME-GAN: Learning Panoptic Electrocardio Representations for Multi-view ECG Synthesis Conditioned on Heart Diseases|https://icml.cc/virtual/2022/spotlight/16180||
event-16576|Scaling-up Diverse Orthogonal Convolutional Networks by a Paraunitary Framework|https://icml.cc/virtual/2022/spotlight/16576||
event-16552|On the Statistical Benefits of Curriculum Learning|https://icml.cc/virtual/2022/spotlight/16552||
event-17582|Fast Composite Optimization and Statistical Recovery in Federated Learning|https://icml.cc/virtual/2022/spotlight/17582||
event-16778|VariGrow: Variational Architecture Growing for Task-Agnostic Continual Learning based on Bayesian Novelty|https://icml.cc/virtual/2022/spotlight/16778||
event-16622|Stability Based Generalization Bounds for Exponential Family Langevin Dynamics|https://icml.cc/virtual/2022/spotlight/16622||
event-16554|Feature and Parameter Selection in Stochastic Linear Bandits|https://icml.cc/virtual/2022/spotlight/16554||
event-17794|Generalized Data Distribution Iteration|https://icml.cc/virtual/2022/spotlight/17794||
event-16958|The Power of Exploiter: Provable Multi-Agent RL in Large State Spaces|https://icml.cc/virtual/2022/spotlight/16958||
event-16032|Surrogate Likelihoods for Variational Annealed Importance Sampling|https://icml.cc/virtual/2022/spotlight/16032||
event-17622|Data Augmentation as Feature Manipulation|https://icml.cc/virtual/2022/spotlight/17622||
event-16630|Variational Mixtures of ODEs for Inferring Cellular Gene Expression Dynamics|https://icml.cc/virtual/2022/spotlight/16630||
event-16478|Fair Representation Learning through Implicit Path Alignment|https://icml.cc/virtual/2022/spotlight/16478||
event-17918|Optimizing Tensor Network Contraction Using Reinforcement Learning|https://icml.cc/virtual/2022/spotlight/17918||
event-16054|Nonparametric Sparse Tensor Factorization with Hierarchical Gamma Processes|https://icml.cc/virtual/2022/spotlight/16054||
event-16998|Extracting Latent State Representations with Linear Dynamics from Rich Observations|https://icml.cc/virtual/2022/spotlight/16998||
event-16568|Beyond Worst-Case Analysis in Stochastic Approximation: Moment Estimation Improves Instance Complexity|https://icml.cc/virtual/2022/spotlight/16568||
event-16800|Local Augmentation for Graph Neural Networks|https://icml.cc/virtual/2022/spotlight/16800||
event-17068|Beyond Images: Label Noise Transition Matrix Estimation for Tasks with Lower-Quality Features|https://icml.cc/virtual/2022/spotlight/17068||
event-16882|Disentangled Federated Learning for Tackling Attributes Skew via Invariant Aggregation and Diversity Transferring|https://icml.cc/virtual/2022/spotlight/16882||
event-16540|Mitigating Neural Network Overconfidence with Logit Normalization|https://icml.cc/virtual/2022/spotlight/16540||
event-16664|Bayesian Imitation Learning for End-to-End Mobile Manipulation|https://icml.cc/virtual/2022/spotlight/16664||
event-17732|Convolutional and Residual Networks Provably Contain Lottery Tickets|https://icml.cc/virtual/2022/spotlight/17732||
event-17960|History Compression via Language Models in Reinforcement Learning|https://icml.cc/virtual/2022/spotlight/17960||
event-16592|Personalization Improves Privacy-Accuracy Tradeoffs in Federated Learning|https://icml.cc/virtual/2022/spotlight/16592||
event-15978|For Learning in Symmetric Teams, Local Optima are Global Nash Equilibria|https://icml.cc/virtual/2022/spotlight/15978||
event-17004|Learning fair representation with a parametric integral probability metric|https://icml.cc/virtual/2022/spotlight/17004||
event-18010|Feature Learning and Signal Propagation in Deep Neural Networks|https://icml.cc/virtual/2022/spotlight/18010||
event-16406|Fat–Tailed Variational Inference with Anisotropic Tail Adaptive Flows|https://icml.cc/virtual/2022/spotlight/16406||
event-16856|A Model-Agnostic Randomized Learning Framework based on Random Hypothesis Subspace Sampling|https://icml.cc/virtual/2022/spotlight/16856||
event-16812|On Non-local Convergence Analysis of Deep Linear Networks|https://icml.cc/virtual/2022/spotlight/16812||
event-16796|De novo mass spectrometry peptide sequencing with a transformer model|https://icml.cc/virtual/2022/spotlight/16796||
event-16852|Optimal Algorithms for Stochastic Multi-Level Compositional Optimization|https://icml.cc/virtual/2022/spotlight/16852||
event-16036|Consensus Multiplicative Weights Update: Learning to Learn using Projector-based Game Signatures|https://icml.cc/virtual/2022/spotlight/16036||
event-16430|Variational Sparse Coding with Learned Thresholding|https://icml.cc/virtual/2022/spotlight/16430||
event-17486|Finite-Sum Coupled Compositional Stochastic Optimization: Theory and Applications|https://icml.cc/virtual/2022/spotlight/17486||
event-16900|Structured Stochastic Gradient MCMC|https://icml.cc/virtual/2022/spotlight/16900||
event-16994|Contextual Bandits with Large Action Spaces: Made Practical|https://icml.cc/virtual/2022/spotlight/16994||
event-17138|Guided-TTS: A Diffusion Model for Text-to-Speech via Classifier Guidance|https://icml.cc/virtual/2022/spotlight/17138||
event-18006|LeNSE: Learning To Navigate Subgraph Embeddings for Large-Scale Combinatorial Optimisation|https://icml.cc/virtual/2022/spotlight/18006||
event-17052|Fair Generalized Linear Models with a Convex Penalty|https://icml.cc/virtual/2022/spotlight/17052||
event-17354|Identifiability Conditions for Domain Adaptation|https://icml.cc/virtual/2022/spotlight/17354||
event-18174|Understanding Contrastive Learning Requires Incorporating Inductive Biases|https://icml.cc/virtual/2022/spotlight/18174||
event-16956|Diversified Adversarial Attacks based on Conjugate Gradient Method|https://icml.cc/virtual/2022/spotlight/16956||
event-17158|Rethinking Fano’s Inequality in Ensemble Learning|https://icml.cc/virtual/2022/spotlight/17158||
event-16500|HyperPrompt: Prompt-based Task-Conditioning of Transformers|https://icml.cc/virtual/2022/spotlight/16500||
event-16382|Strategic Instrumental Variable Regression: Recovering Causal Relationships From Strategic Responses|https://icml.cc/virtual/2022/spotlight/16382||
event-17184|FITNESS: (Fine Tune on New and Similar Samples) to detect anomalies in streams with drift and outliers|https://icml.cc/virtual/2022/spotlight/17184||
event-16884|Streaming Algorithms for High-Dimensional Robust Statistics|https://icml.cc/virtual/2022/spotlight/16884||
event-18190|Implicit Regularization with Polynomial Growth in Deep Tensor Factorization|https://icml.cc/virtual/2022/spotlight/18190||
event-18016|Efficient Learning for AlphaZero via Path Consistency|https://icml.cc/virtual/2022/spotlight/18016||
event-16984|On the Optimization Landscape of Neural Collapse under MSE Loss: Global Optimality with Unconstrained Features|https://icml.cc/virtual/2022/spotlight/16984||
event-16416|MAE-DET: Revisiting Maximum Entropy Principle in Zero-Shot NAS for Efficient Object Detection|https://icml.cc/virtual/2022/spotlight/16416||
event-16512|Validating Causal Inference Methods|https://icml.cc/virtual/2022/spotlight/16512||
event-17094|Variational Inference with Locally Enhanced Bounds for Hierarchical Models|https://icml.cc/virtual/2022/spotlight/17094||
event-17494|Popular decision tree algorithms are provably noise tolerant|https://icml.cc/virtual/2022/spotlight/17494||
event-18072|A data-driven approach for learning to control computers|https://icml.cc/virtual/2022/spotlight/18072||
event-17782|Statistical inference with implicit SGD: proximal Robbins-Monro vs. Polyak-Ruppert|https://icml.cc/virtual/2022/spotlight/17782||
event-16898|On the Equivalence Between Temporal and Static Equivariant Graph Representations|https://icml.cc/virtual/2022/spotlight/16898||
event-17552|Improving Mini-batch Optimal Transport via Partial Transportation|https://icml.cc/virtual/2022/spotlight/17552||
event-16404|Learning to Infer Structures of Network Games|https://icml.cc/virtual/2022/spotlight/16404||
event-17764|Proximal Exploration for Model-guided Protein Sequence Design|https://icml.cc/virtual/2022/spotlight/17764||
event-18198|Deep Network Approximation in Terms of Intrinsic Parameters|https://icml.cc/virtual/2022/spotlight/18198||
event-17098|The Multivariate Community Hawkes Model for Dependent Relational Events in Continuous-time Networks|https://icml.cc/virtual/2022/spotlight/17098||
event-17128|Robust Training under Label Noise by Over-parameterization|https://icml.cc/virtual/2022/spotlight/17128||
event-18054|ProxSkip: Yes! Local Gradient Steps Provably Lead to Communication Acceleration! Finally!|https://icml.cc/virtual/2022/spotlight/18054||
event-18092|Zero-Shot Reward Specification via Grounded Natural Language|https://icml.cc/virtual/2022/spotlight/18092||
event-16014|Centroid Approximation for Bootstrap: Improving Particle Quality at Inference|https://icml.cc/virtual/2022/spotlight/16014||
event-17604|Understanding and Improving Knowledge Graph Embedding for Entity Alignment|https://icml.cc/virtual/2022/spotlight/17604||
event-17750|Near-optimal rate of consistency for linear models with missing values|https://icml.cc/virtual/2022/spotlight/17750||
event-17296|Nearly Minimax Optimal Reinforcement Learning with Linear Function Approximation|https://icml.cc/virtual/2022/spotlight/17296||
event-18202|Coin Flipping Neural Networks|https://icml.cc/virtual/2022/spotlight/18202||
event-18182|Tranception: Protein Fitness Prediction with Autoregressive Transformers and Inference-time Retrieval|https://icml.cc/virtual/2022/spotlight/18182||
event-17822|Permutation Search of Tensor Network Structures via Local Sampling|https://icml.cc/virtual/2022/spotlight/17822||
event-17876|Perfectly Balanced: Improving Transfer and Robustness of Supervised Contrastive Learning|https://icml.cc/virtual/2022/spotlight/17876||
event-18274|Communication-Efficient Adaptive Federated Learning|https://icml.cc/virtual/2022/spotlight/18274||
event-18192|How to Stay Curious while avoiding Noisy TVs using Aleatoric Uncertainty Estimation|https://icml.cc/virtual/2022/spotlight/18192||
event-18120|Benefits of Overparameterized Convolutional Residual Networks: Function Approximation under Smoothness Constraint|https://icml.cc/virtual/2022/spotlight/18120||
event-17798|Implicit Bias of the Step Size in Linear Diagonal Neural Networks|https://icml.cc/virtual/2022/spotlight/17798||
event-17596|How to Fill the Optimum Set? Population Gradient Descent with Harmless Diversity|https://icml.cc/virtual/2022/spotlight/17596||
event-17574|Deep Reference Priors: What is the best way to pretrain a model?|https://icml.cc/virtual/2022/spotlight/17574||
event-17472|Near-Optimal Learning of Extensive-Form Games with Imperfect Information|https://icml.cc/virtual/2022/spotlight/17472||
event-17282|Scalable Deep Gaussian Markov Random Fields for General Graphs|https://icml.cc/virtual/2022/spotlight/17282||
event-17758|Anytime Information Cascade Popularity Prediction via Self-Exciting Processes|https://icml.cc/virtual/2022/spotlight/17758||
event-18158|Extended Unconstrained Features Model for Exploring Deep Neural Collapse|https://icml.cc/virtual/2022/spotlight/18158||
event-18352|RECAPP: Crafting a More Efficient Catalyst for Convex Optimization|https://icml.cc/virtual/2022/spotlight/18352||
event-17966|Model-Value Inconsistency as a Signal for Epistemic Uncertainty|https://icml.cc/virtual/2022/spotlight/17966||
event-18296|Guarantees for Epsilon-Greedy Reinforcement Learning with Function Approximation|https://icml.cc/virtual/2022/spotlight/18296||
event-17934|Robust Fine-Tuning of Deep Neural Networks with Hessian-based Generalization Guarantees|https://icml.cc/virtual/2022/spotlight/17934||
event-18328|More Than a Toy: Random Matrix Models Predict How Real-World Neural Representations Generalize|https://icml.cc/virtual/2022/spotlight/18328||
event-18230|Revisiting Label Smoothing and Knowledge Distillation Compatibility: What was Missing?|https://icml.cc/virtual/2022/spotlight/18230||
event-17048|Examining Scaling and Transfer of Language Model Architectures for Machine Translation|https://icml.cc/virtual/2022/spotlight/17048||
event-18402|Score-Guided Intermediate Level Optimization: Fast Langevin Mixing for Inverse Problems|https://icml.cc/virtual/2022/spotlight/18402||
event-18110|Deep Variational Graph Convolutional Recurrent Network for Multivariate Time Series Anomaly Detection|https://icml.cc/virtual/2022/spotlight/18110||
event-18320|Improving Policy Optimization with Generalist-Specialist Learning|https://icml.cc/virtual/2022/spotlight/18320||
event-18346|SE(3) Equivariant Graph Neural Networks with Complete Local Frames|https://icml.cc/virtual/2022/spotlight/18346||
event-18342|DNNR: Differential Nearest Neighbors Regression|https://icml.cc/virtual/2022/spotlight/18342||
event-18364|Understanding Gradual Domain Adaptation: Improved Analysis, Optimal Path and Beyond|https://icml.cc/virtual/2022/spotlight/18364||
event-17414|State Transition of Dendritic Spines Improves Learning of Sparse Spiking Neural Networks|https://icml.cc/virtual/2022/spotlight/17414||
event-18384|Kill a Bird with Two Stones: Closing the Convergence Gaps in Non-Strongly Convex Optimization by Directly Accelerated SVRG with Double Compensation and Snapshots|https://icml.cc/virtual/2022/spotlight/18384||
event-16210|Decomposing Temporal High-Order Interactions via Latent ODEs|https://icml.cc/virtual/2022/spotlight/16210||
event-17326|Generating Distributional Adversarial Examples to Evade Statistical Detectors|https://icml.cc/virtual/2022/spotlight/17326||
event-16158|Choosing Answers in Epsilon-Best-Answer Identification for Linear Bandits|https://icml.cc/virtual/2022/spotlight/16158||
event-16086|MemSR: Training Memory-efficient Lightweight Model for Image Super-Resolution|https://icml.cc/virtual/2022/spotlight/16086||
event-16010|DAdaQuant: Doubly-adaptive quantization for communication-efficient Federated Learning|https://icml.cc/virtual/2022/spotlight/16010||
event-16414|From data to functa: Your data point is a function and you can treat it like one|https://icml.cc/virtual/2022/spotlight/16414||
event-16370|Biased Gradient Estimate with Drastic Variance Reduction for Meta Reinforcement Learning|https://icml.cc/virtual/2022/spotlight/16370||
event-16198|PINs: Progressive Implicit Networks for Multi-Scale Neural Representations|https://icml.cc/virtual/2022/spotlight/16198||
event-17222|DisPFL: Towards Communication-Efficient Personalized Federated Learning via Decentralized Sparse Training|https://icml.cc/virtual/2022/spotlight/17222||
event-16172|On the Finite-Time Performance of the Knowledge Gradient Algorithm|https://icml.cc/virtual/2022/spotlight/16172||
event-16408|Log-Euclidean Signatures for Intrinsic Distances Between Unaligned Datasets|https://icml.cc/virtual/2022/spotlight/16408||
event-18012|Improving Out-of-Distribution Robustness via Selective Augmentation|https://icml.cc/virtual/2022/spotlight/18012||
event-16378|Analysis of Stochastic Processes through Replay Buffers|https://icml.cc/virtual/2022/spotlight/16378||
event-16052|Unsupervised Time-Series Representation Learning with Iterative Bilinear Temporal-Spectral Fusion|https://icml.cc/virtual/2022/spotlight/16052||
event-16442|DRIBO: Robust Deep Reinforcement Learning via Multi-View Information Bottleneck|https://icml.cc/virtual/2022/spotlight/16442||
event-16488|Cascaded Gaps: Towards Logarithmic Regret for Risk-Sensitive Reinforcement Learning|https://icml.cc/virtual/2022/spotlight/16488||
event-16174|Expression might be enough: representing pressure and demand for reinforcement learning based traffic signal control|https://icml.cc/virtual/2022/spotlight/16174||
event-16218|RetrievalGuard: Provably Robust 1-Nearest Neighbor Image Retrieval|https://icml.cc/virtual/2022/spotlight/16218||
event-17662|Modeling Adversarial Noise for Adversarial Training|https://icml.cc/virtual/2022/spotlight/17662||
event-16464|Differentiable Top-k Classification Learning|https://icml.cc/virtual/2022/spotlight/16464||
event-18028|Accelerating Bayesian Optimization for Biological Sequence Design with Denoising Autoencoders|https://icml.cc/virtual/2022/spotlight/18028||
event-16976|Communicating via Markov Decision Processes|https://icml.cc/virtual/2022/spotlight/16976||
event-16718|Generative Coarse-Graining of Molecular Conformations|https://icml.cc/virtual/2022/spotlight/16718||
event-16196|Generalization Bounds using Lower Tail Exponents in Stochastic Optimizers|https://icml.cc/virtual/2022/spotlight/16196||
event-16308|Modeling Structure with Undirected Neural Networks|https://icml.cc/virtual/2022/spotlight/16308||
event-16648|Finding the Task-Optimal Low-Bit Sub-Distribution in Deep Neural Networks|https://icml.cc/virtual/2022/spotlight/16648||
event-16558|End-to-End Balancing for Causal Continuous Treatment-Effect Estimation|https://icml.cc/virtual/2022/spotlight/16558||
event-17670|Improving Adversarial Robustness via Mutual Information Estimation|https://icml.cc/virtual/2022/spotlight/17670||
event-16358|Certified Neural Network Watermarks with Randomized Smoothing|https://icml.cc/virtual/2022/spotlight/16358||
event-16572|Role-based Multiplex Network Embedding|https://icml.cc/virtual/2022/spotlight/16572||
event-17806|FOCUS: Familiar Objects in Common and Uncommon Settings|https://icml.cc/virtual/2022/spotlight/17806||
event-15968|QSFL: A Two-Level Uplink Communication Optimization Framework for Federated Learning|https://icml.cc/virtual/2022/spotlight/15968||
event-15982|A Resilient Distributed Boosting Algorithm|https://icml.cc/virtual/2022/spotlight/15982||
event-16704|Characterizing and Overcoming the Greedy Nature of Learning in Multi-modal Deep Neural Networks|https://icml.cc/virtual/2022/spotlight/16704||
event-17220|PAGE-PG: A Simple and Loopless Variance-Reduced Policy Gradient Method with Probabilistic Gradient Estimation|https://icml.cc/virtual/2022/spotlight/17220||
event-16316|No-Regret Learning in Time-Varying Zero-Sum Games|https://icml.cc/virtual/2022/spotlight/16316||
event-16742|LIMO: Latent Inceptionism for Targeted Molecule Generation|https://icml.cc/virtual/2022/spotlight/16742||
event-17118|Approximate Bayesian Computation with Domain Expert in the Loop|https://icml.cc/virtual/2022/spotlight/17118||
event-16506|Achieving Minimax Rates in Pool-Based Batch Active Learning|https://icml.cc/virtual/2022/spotlight/16506||
event-15964|Online Learning and Pricing with Reusable Resources: Linear Bandits with Sub-Exponential Rewards|https://icml.cc/virtual/2022/spotlight/15964||
event-17916|Query-Efficient and Scalable Black-Box Adversarial Attacks on Discrete Sequential Data via Bayesian Optimization|https://icml.cc/virtual/2022/spotlight/17916||
event-16946|Learning to Separate Voices by Spatial Regions|https://icml.cc/virtual/2022/spotlight/16946||
event-17020|Robustness and Accuracy Could Be Reconcilable by (Proper) Definition|https://icml.cc/virtual/2022/spotlight/17020||
event-16618|Measure Estimation in the Barycentric Coding Model|https://icml.cc/virtual/2022/spotlight/16618||
event-16638|Discrete Probabilistic Inverse Optimal Transport|https://icml.cc/virtual/2022/spotlight/16638||
event-17376|DNS: Determinantal Point Process Based Neural Network Sampler for Ensemble Reinforcement Learning|https://icml.cc/virtual/2022/spotlight/17376||
event-16916|Training Your Sparse Neural Network Better with Any Mask|https://icml.cc/virtual/2022/spotlight/16916||
event-16364|Improved Certified Defenses against Data Poisoning with (Deterministic) Finite Aggregation|https://icml.cc/virtual/2022/spotlight/16364||
event-17924|Test-Time Training Can Close the Natural Distribution Shift Performance Gap in Deep Learning Based Compressed Sensing|https://icml.cc/virtual/2022/spotlight/17924||
event-16864|Active Multi-Task Representation Learning|https://icml.cc/virtual/2022/spotlight/16864||
event-16384|Sanity Simulations for Saliency Methods|https://icml.cc/virtual/2022/spotlight/16384||
event-16918|Easy Variational Inference for Categorical Models via an Independent Binary Approximation|https://icml.cc/virtual/2022/spotlight/16918||
event-17090|Federated Learning with Positive and Unlabeled Data|https://icml.cc/virtual/2022/spotlight/17090||
event-16058|On Well-posedness and Minimax Optimal Rates of Nonparametric Q-function Estimation in Off-policy Evaluation|https://icml.cc/virtual/2022/spotlight/16058||
event-16510|Adversarial Vulnerability of Randomized Ensembles|https://icml.cc/virtual/2022/spotlight/16510||
event-16494|Out-of-Distribution Detection with Deep Nearest Neighbors|https://icml.cc/virtual/2022/spotlight/16494||
event-16066|Congested Bandits: Optimal Routing via Short-term Resets|https://icml.cc/virtual/2022/spotlight/16066||
event-17082|Streaming Inference for Infinite Feature Models|https://icml.cc/virtual/2022/spotlight/17082||
event-16620|Differentially Private Maximal Information Coefficients|https://icml.cc/virtual/2022/spotlight/16620||
event-16244|Stochastic Rising Bandits|https://icml.cc/virtual/2022/spotlight/16244||
event-17108|Optimizing Sequential Experimental Design with Deep Reinforcement Learning|https://icml.cc/virtual/2022/spotlight/17108||
event-16748|Counterfactual Transportability: A Formal Approach|https://icml.cc/virtual/2022/spotlight/16748||
event-17332|3D Infomax improves GNNs for Molecular Property Prediction|https://icml.cc/virtual/2022/spotlight/17332||
event-17450|A Temporal-Difference Approach to Policy Gradient Estimation|https://icml.cc/virtual/2022/spotlight/17450||
event-16954|Metric-Fair Active Learning|https://icml.cc/virtual/2022/spotlight/16954||
event-17580|MASER: Multi-Agent Reinforcement Learning with Subgoals Generated from Experience Replay Buffer|https://icml.cc/virtual/2022/spotlight/17580||
event-16844|Identification of Linear Non-Gaussian Latent Hierarchical Structure|https://icml.cc/virtual/2022/spotlight/16844||
event-18150|Data Determines Distributional Robustness in Contrastive Language Image Pre-training (CLIP)|https://icml.cc/virtual/2022/spotlight/18150||
event-17250|Sparse Double Descent: Where Network Pruning Aggravates Overfitting|https://icml.cc/virtual/2022/spotlight/17250||
event-17338|Biological Sequence Design with GFlowNets|https://icml.cc/virtual/2022/spotlight/17338||
event-16548|The CLRS Algorithmic Reasoning Benchmark|https://icml.cc/virtual/2022/spotlight/16548||
event-16870|Finding Global Homophily in Graph Neural Networks When Meeting Heterophily|https://icml.cc/virtual/2022/spotlight/16870||
event-18208|Neurotoxin: Durable Backdoors in Federated Learning|https://icml.cc/virtual/2022/spotlight/18208||
event-17452|Collaboration of Experts: Achieving 80% Top-1 Accuracy on ImageNet with 100M FLOPs|https://icml.cc/virtual/2022/spotlight/17452||
event-16678|COAT: Measuring Object Compositionality in Emergent Representations|https://icml.cc/virtual/2022/spotlight/16678||
event-17850|Pocket2Mol: Efficient Molecular Sampling Based on 3D Protein Pockets|https://icml.cc/virtual/2022/spotlight/17850||
event-17600|Reinforcement Learning from Partial Observation: Linear Function Approximation with Provable Sample Efficiency|https://icml.cc/virtual/2022/spotlight/17600||
event-17056|Metric-Fair Classifier Derandomization|https://icml.cc/virtual/2022/spotlight/17056||
event-16928|Understanding Robust Generalization in Learning Regular Languages|https://icml.cc/virtual/2022/spotlight/16928||
event-18398|Bayesian Learning with Information Gain Provably Bounds Risk for a Robust Adversarial Defense|https://icml.cc/virtual/2022/spotlight/18398||
event-17238|Variational Inference for Infinitely Deep Neural Networks|https://icml.cc/virtual/2022/spotlight/17238||
event-16332|Fluctuations, Bias, Variance & Ensemble of Learners: Exact Asymptotics for Convex Losses in High-Dimension|https://icml.cc/virtual/2022/spotlight/16332||
event-17810|Revisiting Consistency Regularization for Deep Partial Label Learning|https://icml.cc/virtual/2022/spotlight/17810||
event-17602|Actor-Critic based Improper Reinforcement Learning|https://icml.cc/virtual/2022/spotlight/17602||
event-17054|On the Difficulty of Defending Self-Supervised Learning against Model Extraction|https://icml.cc/virtual/2022/spotlight/17054||
event-18260|Generalization and Robustness Implications in Object-Centric Learning|https://icml.cc/virtual/2022/spotlight/18260||
event-17120|Interactively Learning Preference Constraints in Linear Bandits|https://icml.cc/virtual/2022/spotlight/17120||
event-18130|Retroformer: Pushing the Limits of End-to-end Retrosynthesis Transformer|https://icml.cc/virtual/2022/spotlight/18130||
event-17248|NAFS: A Simple yet Tough-to-beat Baseline for Graph Representation Learning|https://icml.cc/virtual/2022/spotlight/17248||
event-17186|Convergence of Uncertainty Sampling for Active Learning|https://icml.cc/virtual/2022/spotlight/17186||
event-17166|Constrained Optimization with Dynamic Bound-scaling for Effective NLP Backdoor Defense|https://icml.cc/virtual/2022/spotlight/17166||
event-17930|Stochastic smoothing of the top-K calibrated hinge loss for deep imbalanced classification|https://icml.cc/virtual/2022/spotlight/17930||
event-17302|Personalized Federated Learning via Variational Bayesian Inference|https://icml.cc/virtual/2022/spotlight/17302||
event-17684|Maximum Likelihood Training for Score-based Diffusion ODEs by High Order Denoising Score Matching|https://icml.cc/virtual/2022/spotlight/17684||
event-17058|Adversarial Attack and Defense for Non-Parametric Two-Sample Tests|https://icml.cc/virtual/2022/spotlight/17058||
event-17072|Improving Robustness against Real-World and Worst-Case Distribution Shifts through Decision Region Quantification|https://icml.cc/virtual/2022/spotlight/17072||
event-17896|On the Sample Complexity of Learning Infinite-horizon Discounted Linear Kernel MDPs|https://icml.cc/virtual/2022/spotlight/17896||
event-16330|PDE-Based Optimal Strategy for Unconstrained Online Learning|https://icml.cc/virtual/2022/spotlight/16330||
event-17324|Action-Sufficient State Representation Learning for Control with Structural Constraints|https://icml.cc/virtual/2022/spotlight/17324||
event-18160|Wide Bayesian neural networks have a simple weight posterior: theory and accelerated sampling|https://icml.cc/virtual/2022/spotlight/18160||
event-16878|Thompson Sampling for Robust Transfer in Multi-Task Bandits|https://icml.cc/virtual/2022/spotlight/16878||
event-18058|A Unified Weight Initialization Paradigm for Tensorial Convolutional Neural Networks|https://icml.cc/virtual/2022/spotlight/18058||
event-17962|The Geometry of Robust Value Functions|https://icml.cc/virtual/2022/spotlight/17962||
event-18316|Path-Aware and Structure-Preserving Generation of Synthetically Accessible Molecules|https://icml.cc/virtual/2022/spotlight/18316||
event-17208|AdAUC: End-to-end Adversarial AUC Optimization Against Long-tail Problems|https://icml.cc/virtual/2022/spotlight/17208||
event-17478|Certified Adversarial Robustness Under the Bounded Support Set|https://icml.cc/virtual/2022/spotlight/17478||
event-16518|Provable Acceleration of Heavy Ball beyond Quadratics for a Class of Polyak-Lojasiewicz Functions when the Non-Convexity is Averaged-Out|https://icml.cc/virtual/2022/spotlight/16518||
event-17734|Fast Lossless Neural Compression with Integer-Only Discrete Flows|https://icml.cc/virtual/2022/spotlight/17734||
event-16904|On Learning Mixture of Linear Regressions in the Non-Realizable Setting|https://icml.cc/virtual/2022/spotlight/16904||
event-17610|Constants Matter: The Performance Gains of Active Learning|https://icml.cc/virtual/2022/spotlight/17610||
event-17444|Denoised MDPs: Learning World Models Better Than the World Itself|https://icml.cc/virtual/2022/spotlight/17444||
event-17700|A Modern Self-Referential Weight Matrix That Learns to Modify Itself|https://icml.cc/virtual/2022/spotlight/17700||
event-17656|Predicting Out-of-Distribution Error with the Projection Norm|https://icml.cc/virtual/2022/spotlight/17656||
event-18298|Bayesian Deep Embedding Topic Meta-Learner|https://icml.cc/virtual/2022/spotlight/18298||
event-18232|PLATINUM: Semi-Supervised Model Agnostic Meta-Learning using Submodular Mutual Information|https://icml.cc/virtual/2022/spotlight/18232||
event-17788|SQ-VAE: Variational Bayes on Discrete Representation with Self-annealed Stochastic Quantization|https://icml.cc/virtual/2022/spotlight/17788||
event-18362|EquiBind: Geometric Deep Learning for Drug Binding Structure Prediction|https://icml.cc/virtual/2022/spotlight/18362||
event-18382|Efficient Approximate Inference for Stationary Kernel on Frequency Domain|https://icml.cc/virtual/2022/spotlight/18382||
event-18194|Adversarially Robust Models may not Transfer Better: Sufficient Conditions for Domain Transferability from the View of Regularization|https://icml.cc/virtual/2022/spotlight/18194||
event-17320|Random Forest Density Estimation|https://icml.cc/virtual/2022/spotlight/17320||
event-18246|Multicoated Supermasks Enhance Hidden Networks|https://icml.cc/virtual/2022/spotlight/18246||
event-18400|Cross-Space Active Learning on Graph Convolutional Networks|https://icml.cc/virtual/2022/spotlight/18400||
event-17828|SCHA-VAE: Hierarchical Context Aggregation for Few-Shot Generation|https://icml.cc/virtual/2022/spotlight/17828||
event-18310|Short-Term Plasticity Neurons Learning to Learn and Forget|https://icml.cc/virtual/2022/spotlight/18310||
event-16020|p -Laplacian Based Graph Neural Networks|https://icml.cc/virtual/2022/spotlight/16020||
event-16216|The Infinite Contextual Graph Markov Model|https://icml.cc/virtual/2022/spotlight/16216||
event-15970|SoQal: Selective Oracle Questioning for Consistency Based Active Learning of Cardiac Signals|https://icml.cc/virtual/2022/spotlight/15970||
event-16760|Improved Regret for Differentially Private Exploration in Linear MDP|https://icml.cc/virtual/2022/spotlight/16760||
event-16474|Neural Tangent Kernel Beyond the Infinite-Width Limit: Effects of Depth and Initialization|https://icml.cc/virtual/2022/spotlight/16474||
event-15962|The dynamics of representation learning in shallow, non-linear autoencoders|https://icml.cc/virtual/2022/spotlight/15962||
event-16354|Gradient Descent on Neurons and its Link to Approximate Second-order Optimization|https://icml.cc/virtual/2022/spotlight/16354||
event-15984|Greedy based Value Representation for Optimal Coordination in Multi-agent Reinforcement Learning|https://icml.cc/virtual/2022/spotlight/15984||
event-16096|NISPA: Neuro-Inspired Stability-Plasticity Adaptation for Continual Learning in Sparse Networks|https://icml.cc/virtual/2022/spotlight/16096||
event-16962|A New Perspective on the Effects of Spectrum in Graph Neural Networks|https://icml.cc/virtual/2022/spotlight/16962||
event-16082|Equivariant Quantum Graph Circuits|https://icml.cc/virtual/2022/spotlight/16082||
event-16006|Matching Structure for Dual Learning|https://icml.cc/virtual/2022/spotlight/16006||
event-16270|Bayesian Nonparametrics for Offline Skill Discovery|https://icml.cc/virtual/2022/spotlight/16270||
event-16780|Differentially Private Community Detection for Stochastic Block Models|https://icml.cc/virtual/2022/spotlight/16780||
event-17132|Molecular Representation Learning via Heterogeneous Motif Graph Neural Networks|https://icml.cc/virtual/2022/spotlight/17132||
event-16544|Implicit Bias of Linear Equivariant Networks|https://icml.cc/virtual/2022/spotlight/16544||
event-16496|RankSim: Ranking Similarity Regularization for Deep Imbalanced Regression|https://icml.cc/virtual/2022/spotlight/16496||
event-16018|Implicit Regularization in Hierarchical Tensor Factorization and Deep Convolutional Neural Networks|https://icml.cc/virtual/2022/spotlight/16018||
event-16698|Synergy and Symmetry in Deep Learning: Interactions between the Data, Model, and Inference Algorithm|https://icml.cc/virtual/2022/spotlight/16698||
event-16612|A Tree-based Model Averaging Approach for Personalized Treatment Effect Estimation from Heterogeneous Data Sources|https://icml.cc/virtual/2022/spotlight/16612||
event-16688|Efficient Online ML API Selection for Multi-Label Classification Tasks|https://icml.cc/virtual/2022/spotlight/16688||
event-16098|A Theoretical Comparison of Graph Neural Network Extensions|https://icml.cc/virtual/2022/spotlight/16098||
event-16804|Understanding Clipping for Federated Learning: Convergence and Client-Level Differential Privacy|https://icml.cc/virtual/2022/spotlight/16804||
event-17292|Auxiliary Learning with Joint Task and Data Scheduling|https://icml.cc/virtual/2022/spotlight/17292||
event-16016|BLIP: Bootstrapping Language-Image Pre-training for Unified Vision-Language Understanding and Generation|https://icml.cc/virtual/2022/spotlight/16016||
event-16286|Convergence of Policy Gradient for Entropy Regularized MDPs with Neural Network Approximation in the Mean-Field Regime|https://icml.cc/virtual/2022/spotlight/16286||
event-15976|Partial Label Learning via Label Influence Function|https://icml.cc/virtual/2022/spotlight/15976||
event-16164|Estimation in Rotationally Invariant Generalized Linear Models via Approximate Message Passing|https://icml.cc/virtual/2022/spotlight/16164||
event-16714|The State of Sparse Training in Deep Reinforcement Learning|https://icml.cc/virtual/2022/spotlight/16714||
event-16508|Detached Error Feedback for Distributed SGD with Random Sparsification|https://icml.cc/virtual/2022/spotlight/16508||
event-16530|Training OOD Detectors in their Natural Habitats|https://icml.cc/virtual/2022/spotlight/16530||
event-16238|Failure and success of the spectral bias prediction for Laplace Kernel Ridge Regression: the case of low-dimensional data|https://icml.cc/virtual/2022/spotlight/16238||
event-17312|Large-scale Stochastic Optimization of NDCG Surrogates for Deep Learning with Provable Convergence|https://icml.cc/virtual/2022/spotlight/17312||
event-16754|Entropic Causal Inference: Graph Identifiability|https://icml.cc/virtual/2022/spotlight/16754||
event-16304|Curriculum Reinforcement Learning via Constrained Optimal Transport|https://icml.cc/virtual/2022/spotlight/16304||
event-16092|YourTTS: Towards Zero-Shot Multi-Speaker TTS and Zero-Shot Voice Conversion for Everyone|https://icml.cc/virtual/2022/spotlight/16092||
event-16094|Minimax Classification under Concept Drift with Multidimensional Adaptation and Performance Guarantees|https://icml.cc/virtual/2022/spotlight/16094||
event-16814|Hermite Polynomial Features for Private Data Generation|https://icml.cc/virtual/2022/spotlight/16814||
event-16110|Variational On-the-Fly Personalization|https://icml.cc/virtual/2022/spotlight/16110||
event-16894|Set Norm and Equivariant Skip Connections: Putting the Deep in Deep Sets|https://icml.cc/virtual/2022/spotlight/16894||
event-16154|Understanding Robust Overfitting of Adversarial Training and Beyond|https://icml.cc/virtual/2022/spotlight/16154||
event-16346|Inducing Causal Structure for Interpretable Neural Networks|https://icml.cc/virtual/2022/spotlight/16346||
event-16716|Constrained Gradient Descent: A Powerful and Principled Evasion Attack Against Neural Networks|https://icml.cc/virtual/2022/spotlight/16716||
event-16386|Regret Bounds for Stochastic Shortest Path Problems with Linear Function Approximation|https://icml.cc/virtual/2022/spotlight/16386||
event-16220|Deep symbolic regression for recurrence prediction|https://icml.cc/virtual/2022/spotlight/16220||
event-16432|Recurrent Model-Free RL Can Be a Strong Baseline for Many POMDPs|https://icml.cc/virtual/2022/spotlight/16432||
event-16972|Datamodels: Understanding Predictions with Data and Data with Predictions|https://icml.cc/virtual/2022/spotlight/16972||
event-17416|Gating Dropout: Communication-efficient Regularization for Sparsely Activated Transformers|https://icml.cc/virtual/2022/spotlight/17416||
event-16922|How to Steer Your Adversary: Targeted and Efficient Model Stealing Defenses with Gradient Redirection|https://icml.cc/virtual/2022/spotlight/16922||
event-16926|Architecture Agnostic Federated Learning for Neural Networks|https://icml.cc/virtual/2022/spotlight/16926||
event-16428|Universal Joint Approximation of Manifolds and Densities by Simple Injective Flows|https://icml.cc/virtual/2022/spotlight/16428||
event-17280|Deduplicating Training Data Mitigates Privacy Risks in Language Models|https://icml.cc/virtual/2022/spotlight/17280||
event-17272|Revisiting and Advancing Fast Adversarial Training Through The Lens of Bi-Level Optimization|https://icml.cc/virtual/2022/spotlight/17272||
event-16470|Stabilizing Q-learning with Linear Architectures for Provable Efficient Learning|https://icml.cc/virtual/2022/spotlight/16470||
event-16368|A Random Matrix Analysis of Data Stream Clustering: Coping With Limited Memory Resources|https://icml.cc/virtual/2022/spotlight/16368||
event-16258|SDQ: Stochastic Differentiable Quantization with Mixed Precision|https://icml.cc/virtual/2022/spotlight/16258||
event-16732|Neural Tangent Kernel Empowered Federated Learning|https://icml.cc/virtual/2022/spotlight/16732||
event-16434|Generalizing Gaussian Smoothing for Random Search|https://icml.cc/virtual/2022/spotlight/16434||
event-17300|Conformal Prediction Sets with Limited False Positives|https://icml.cc/virtual/2022/spotlight/17300||
event-16228|Geometric Multimodal Contrastive Representation Learning|https://icml.cc/virtual/2022/spotlight/16228||
event-16484|Bounding the Width of Neural Networks via Coupled Initialization - A Worst Case Analysis|https://icml.cc/virtual/2022/spotlight/16484||
event-17252|Deep Causal Metric Learning|https://icml.cc/virtual/2022/spotlight/17252||
event-17330|Private frequency estimation via projective geometry|https://icml.cc/virtual/2022/spotlight/17330||
event-16784|Probabilistically Robust Learning: Balancing Average- and Worst-case Performance|https://icml.cc/virtual/2022/spotlight/16784||
event-16296|IGLUE: A Benchmark for Transfer Learning across Modalities, Tasks, and Languages|https://icml.cc/virtual/2022/spotlight/16296||
event-16298|Scalable Computation of Causal Bounds|https://icml.cc/virtual/2022/spotlight/16298||
event-16284|Universality of Winning Tickets: A Renormalization Group Perspective|https://icml.cc/virtual/2022/spotlight/16284||
event-16570|Constrained Offline Policy Optimization|https://icml.cc/virtual/2022/spotlight/16570||
event-16766|Supervised Learning with General Risk Functionals|https://icml.cc/virtual/2022/spotlight/16766||
event-16560|Constrained Discrete Black-Box Optimization using Mixed-Integer Programming|https://icml.cc/virtual/2022/spotlight/16560||
event-16980|Feature Space Particle Inference for Neural Network Ensembles|https://icml.cc/virtual/2022/spotlight/16980||
event-17042|The Neural Race Reduction: Dynamics of Abstraction in Gated Networks|https://icml.cc/virtual/2022/spotlight/17042||
event-16402|Translatotron 2: High-quality direct speech-to-speech translation with voice preservation|https://icml.cc/virtual/2022/spotlight/16402||
event-17586|Learning Pseudometric-based Action Representations for Offline Reinforcement Learning|https://icml.cc/virtual/2022/spotlight/17586||
event-16426|Loss Function Learning for Domain Generalization by Implicit Gradient|https://icml.cc/virtual/2022/spotlight/16426||
event-17396|Learning Symmetric Embeddings for Equivariant World Models|https://icml.cc/virtual/2022/spotlight/17396||
event-16588|Risk-Averse No-Regret Learning in Online Convex Games|https://icml.cc/virtual/2022/spotlight/16588||
event-17466|Faster Privacy Accounting via Evolving Discretization|https://icml.cc/virtual/2022/spotlight/17466||
event-16810|Locally Sparse Neural Networks for Tabular Biomedical Data|https://icml.cc/virtual/2022/spotlight/16810||
event-17382|Leveraging Approximate Symbolic Models for Reinforcement Learning via Skill Diversity|https://icml.cc/virtual/2022/spotlight/17382||
event-16482|Robust alignment of cross-session recordings of neural population activity by behaviour via unsupervised domain adaptation|https://icml.cc/virtual/2022/spotlight/16482||
event-17342|Efficient Learning of CNNs using Patch Based Features|https://icml.cc/virtual/2022/spotlight/17342||
event-17530|The Fundamental Price of Secure Aggregation in Differentially Private Federated Learning|https://icml.cc/virtual/2022/spotlight/17530||
event-16580|GraphFM: Improving Large-Scale GNN Training via Feature Momentum|https://icml.cc/virtual/2022/spotlight/16580||
event-17410|Reinforcement Learning with Action-Free Pre-Training from Videos|https://icml.cc/virtual/2022/spotlight/17410||
event-16632|Dual Perspective of Label-Specific Feature Learning for Multi-Label Classification|https://icml.cc/virtual/2022/spotlight/16632||
event-17932|A Statistical Manifold Framework for Point Cloud Data|https://icml.cc/virtual/2022/spotlight/17932||
event-16786|A Study on the Ramanujan Graph Property of Winning Lottery Tickets|https://icml.cc/virtual/2022/spotlight/16786||
event-17540|Accelerated Federated Learning with Decoupled Adaptive Optimization|https://icml.cc/virtual/2022/spotlight/17540||
event-16792|Improve Single-Point Zeroth-Order Optimization Using High-Pass and Low-Pass Filters|https://icml.cc/virtual/2022/spotlight/16792||
event-17974|Towards Evaluating Adaptivity of Model-Based Reinforcement Learning Methods|https://icml.cc/virtual/2022/spotlight/17974||
event-17022|Detecting Corrupted Labels Without Training a Model to Predict|https://icml.cc/virtual/2022/spotlight/17022||
event-16608|Symmetric Machine Theory of Mind|https://icml.cc/virtual/2022/spotlight/16608||
event-17536|Neural Tangent Kernel Analysis of Deep Narrow Neural Networks|https://icml.cc/virtual/2022/spotlight/17536||
event-17542|Private Adaptive Optimization with Side information|https://icml.cc/virtual/2022/spotlight/17542||
event-17176|PAC-Net: A Model Pruning Approach to Inductive Transfer Learning|https://icml.cc/virtual/2022/spotlight/17176||
event-17572|HyperImpute: Generalized Iterative Imputation with Automatic Model Selection|https://icml.cc/virtual/2022/spotlight/17572||
event-16764|Generalization Guarantee of Training Graph Convolutional Networks with Graph Topology Sampling|https://icml.cc/virtual/2022/spotlight/16764||
event-16838|Robust Multi-Objective Bayesian Optimization Under Input Noise|https://icml.cc/virtual/2022/spotlight/16838||
event-17606|Byzantine Machine Learning Made Easy By Resilient Averaging of Momentums|https://icml.cc/virtual/2022/spotlight/17606||
event-16710|A Natural Actor-Critic Framework for Zero-Sum Markov Games|https://icml.cc/virtual/2022/spotlight/16710||
event-17362|Secure Quantized Training for Deep Learning|https://icml.cc/virtual/2022/spotlight/17362||
event-18064|Delayed Reinforcement Learning by Imitation|https://icml.cc/virtual/2022/spotlight/18064||
event-17018|PLATON: Pruning Large Transformer Models with Upper Confidence Bound of Weight Importance|https://icml.cc/virtual/2022/spotlight/17018||
event-17680|EDEN: Communication-Efficient and Robust Distributed Mean Estimation for Federated Learning|https://icml.cc/virtual/2022/spotlight/17680||
event-17178|Prototype-Anchored Learning for Learning with Imperfect Annotations|https://icml.cc/virtual/2022/spotlight/17178||
event-16326|A Differential Entropy Estimator for Training Neural Networks|https://icml.cc/virtual/2022/spotlight/16326||
event-17462|Gradient-Free Method for Heavily Constrained Nonconvex Optimization|https://icml.cc/virtual/2022/spotlight/17462||
event-18108|TSPipe: Learn from Teacher Faster with Pipelines|https://icml.cc/virtual/2022/spotlight/18108||
event-17618|Modality Competition: What Makes Joint Training of Multi-modal Network Fail in Deep Learning? (Provably)|https://icml.cc/virtual/2022/spotlight/17618||
event-17890|Fully-Connected Network on Noncompact Symmetric Space and Ridgelet Transform based on Helgason-Fourier Analysis|https://icml.cc/virtual/2022/spotlight/17890||
event-18000|Learning to Predict Graphs with Fused Gromov-Wasserstein Barycenters|https://icml.cc/virtual/2022/spotlight/18000||
event-17842|Fisher SAM: Information Geometry and Sharpness Aware Minimisation|https://icml.cc/virtual/2022/spotlight/17842||
event-17936|Sequential- and Parallel- Constrained Max-value Entropy Search via Information Lower Bound|https://icml.cc/virtual/2022/spotlight/17936||
event-18222|Personalized Federated Learning through Local Memorization|https://icml.cc/virtual/2022/spotlight/18222||
event-17982|Private optimization in the interpolation regime: faster rates and hardness results|https://icml.cc/virtual/2022/spotlight/17982||
event-16890|Distributionally Robust Q -Learning|https://icml.cc/virtual/2022/spotlight/16890||
event-16908|Scaling Out-of-Distribution Detection for Real-World Settings|https://icml.cc/virtual/2022/spotlight/16908||
event-18134|Reachability Constrained Reinforcement Learning|https://icml.cc/virtual/2022/spotlight/18134||
event-17160|LCANets: Lateral Competition Improves Robustness Against Corruption and Attack|https://icml.cc/virtual/2022/spotlight/17160||
event-18090|Differentially Private Coordinate Descent for Composite Empirical Risk Minimization|https://icml.cc/virtual/2022/spotlight/18090||
event-17182|Reconstructing Nonlinear Dynamical Systems from Multi-Modal Time Series|https://icml.cc/virtual/2022/spotlight/17182||
event-16912|Sparsity in Partially Controllable Linear Systems|https://icml.cc/virtual/2022/spotlight/16912||
event-17948|Non-Vacuous Generalisation Bounds for Shallow Neural Networks|https://icml.cc/virtual/2022/spotlight/17948||
event-16528|Three-stage Evolution and Fast Equilibrium for SGD with Non-degerate Critical Points|https://icml.cc/virtual/2022/spotlight/16528||
event-18140|Score-based Generative Modeling of Graphs via the System of Stochastic Differential Equations|https://icml.cc/virtual/2022/spotlight/18140||
event-18128|The power of first-order smooth optimization for black-box non-smooth problems|https://icml.cc/virtual/2022/spotlight/18128||
event-18210|Deep Safe Incomplete Multi-view Clustering: Theorem and Algorithm|https://icml.cc/virtual/2022/spotlight/18210||
event-18318|Adaptive Model Design for Markov Decision Process|https://icml.cc/virtual/2022/spotlight/18318||
event-17898|Deep Networks on Toroids: Removing Symmetries Reveals the Structure of Flat Regions in the Landscape Geometry|https://icml.cc/virtual/2022/spotlight/17898||
event-18284|Neural Language Models are not Born Equal to Fit Brain Data, but Training Helps|https://icml.cc/virtual/2022/spotlight/18284||
event-18252|Towards Understanding Sharpness-Aware Minimization|https://icml.cc/virtual/2022/spotlight/18252||
event-18394|SPECTRE: Spectral Conditioning Helps to Overcome the Expressivity Limits of One-shot Graph Generators|https://icml.cc/virtual/2022/spotlight/18394||
event-16982|Saute RL: Almost Surely Safe Reinforcement Learning Using State Augmentation|https://icml.cc/virtual/2022/spotlight/16982||
event-18264|Private Streaming SCO in ℓ p geometry with Applications in High Dimensional Online Decision Making|https://icml.cc/virtual/2022/spotlight/18264||
